:020000040800F2
:10D00000E0A8002019D20008F7D700083DD2000898
:10D01000F3D70008EDD70008E9EB00080000000096
:10D0200000000000000000000000000049D10008DE
:10D03000F1D7000800000000A5D1000871EA00083F
:10D0400033D2000833D2000833D2000833D20008AC
:10D0500033D2000833D2000807DB000833D20008BF
:10D0600033D2000833D2000833D2000833D200088C
:10D0700033D2000833D2000833D2000833D200087C
:10D0800033D2000833D2000833D2000833D200086C
:10D0900033D2000833D2000833D2000833D200085C
:10D0A00033D2000833D2000833D2000833D200084C
:10D0B00033D2000833D2000833D2000833D200083C
:10D0C00033D2000833D2000833D2000833D200082C
:10D0D00033D2000855EB000833D2000833D20008E1
:10D0E00019DB000833D2000833D2000833D200081D
:10D0F00033D2000833D2000833D2000833D20008FC
:10D1000033D2000833D2000833D2000833D20008EB
:10D1100033D2000833D2000833D2000833D20008DB
:10D1200033D2000833D2000833D2000833D20008CB
:10D13000DFF810D000F0AAFC0048004701650108A4
:10D14000AFF30080E0A800202C4B19680868B0E815
:10D15000F04F80F30988BFF36F8F4FF0000080F32A
:10D16000118870470000000008480068006880F3DC
:10D1700008884FF0000080F3148862B661B6BFF3F0
:10D180004F8FBFF36F8F00DF00BF00BF08ED00E0DF
:10D19000DFF80C00016841F470010160704700BFC6
:10D1A00088ED00E0EFF30980BFF36F8F134B1A682F
:10D1B0001EF0100F08BF20ED108A20E9F04F10601C
:10D1C00009B44FF0200080F31188BFF34F8FBFF3F5
:10D1D0006F8F0EF02FFF4FF0000080F3118809BC15
:10D1E00019680868B0E8F04F1EF0100F08BFB0ECE7
:10D1F000108A80F30988BFF36F8F70470400002006
:10D20000EFF3058070470000EFF308807047EFF3FD
:10D2100009807047684670470648804706480047BF
:10D22000FEE7FEE7FEE7FEE7FEE7FEE7FEE7FEE7D6
:10D23000FEE7FEE7ADEA000831D100087046694616
:10D2400006F088FAFFF7FEFF2DE9F0410024061BE7
:10D25000254671F1000605DA01240027D0EB07000E
:10D2600067EB0101161E73F1000605DA0027D2EB09
:10D270000702012567EB030300F020FB86460E46FC
:10D2800017469C46AC4204D00025D0EB050E65EB5A
:10D29000010624B10020D2EB000760EB030C7046BE
:10D2A00031463A466346BDE8F0812DE9FE43994692
:10D2B00015468846074601AC022942D3002D40D0CE
:10D2C00000200290A8F101004FF0FF36009022E00C
:10D2D00000FB057201FB057011464A469047002885
:10D2E00005DC54F82600304444F8260013E060685A
:10D2F0002A4600FB057154F8040C00FB057007E09A
:10D300000B7890F800C001F801CB00F8013B521EE9
:10D31000002AF5D1764254F8040C61688842D7DCC3
:10D320004B462A463846FFF7C0FF54F8040C4B46DC
:10D33000A8EB0001401C00FB05702A46491EFFF7C0
:10D34000B4FFBDE8FE8310B5431A934209D2831897
:10D35000881803E010F8011D03F8011D521EF9D2D0
:10D3600010BD40EA01039B0703D009E008C9121F62
:10D3700008C0042AFAD203E011F8013B00F8013B8F
:10D38000521EF9D210BDD2B201E000F8012B491EA5
:10D39000FBD270470022F6E710B513460A46044652
:10D3A0001946FFF7F0FF204610BD30B505462A4666
:10D3B0000B4612F8010B13F8014B08B1A042F8D04C
:10D3C0001CB1002802D06D1CF1E7284630BD10B515
:10D3D000044604E00B7800F8013B03B1491C521EDF
:10D3E000F8D2204610BD421C10F8011B0029FBD1C9
:10D3F000801A704710B5002200E0521C835C8C5CE0
:10D40000A34201D1002BF8D1D8B2E1B2401A10BD2D
:10D4100030B504460020034600E05B1C934203D273
:10D42000E05CCD5C401BF8D030BD30B50546002037
:10D43000034600E05B1C934205D2EC5CC85C201AFA
:10D4400001D1002CF6D130BD2DE9FE4F804681EA96
:10D450000300C00F0C46009021F0004123F000456E
:10D46000B8EB0200A94105D24046214690461C4631
:10D470000B46024623F00040104347D0270DC7F368
:10D480000A00C3F30A510290401A019040286BDA57
:10D49000C3F3130040F4801B0098924620B1002390
:10D4A000D2EB030A63EB0B0B01985946C0F1400223
:10D4B000504600F034FA06460D4650465946019A49
:10D4C00000F04CFA10EB08006141002487EA115289
:10D4D00084EAE7731A4340D0009A62B3019A012AA2
:10D4E0004FEA075215DC001B61EB02014FF00042CE
:10D4F00002EA0752CDE90042001C41F58011324694
:10D500002B4600F04CFA03B0BDE8F08F40462146B0
:10D51000F9E7001B61EB0201001C41F580130018C4
:10D520005B412018A2F5001747EB030140EAD570D4
:10D53000B6196D4111E06D084FEA360645EAC0752F
:10D540004FEA0752001B61EB0201001C41F58011FC
:10D5500049084FEA30000019514132462B4603B0CA
:10D56000BDE8F04F00F00CBA009801224000002303
:10D57000D0EB020263EBE073009821464FEAE074BF
:10D58000B8EB000061EB0401E9E783F000435BE7DF
:10D5900081F0004158E72DE9FE4F81EA030404F0D1
:10D5A000004421F0004100944FF0000B23F00043B1
:10D5B00050EA01045ED052EA03045BD0C3F30A547C
:10D5C000C1F30A552C44A4F2F3340194A0FB025495
:10D5D000C1F3130141F48011C3F3130343F4801327
:10D5E00001FB024400FB034E840A970A44EA81547B
:10D5F00047EA8357A4FB076802958D0A05FB078558
:10D600004FEA932C04FB0C542705029D4FEA065861
:10D6100047EA1637B5EB08056EEB070C870E920E3E
:10D6200047EA811742EA8312A7FB0201B6EB0B011E
:10D6300064EB00042B0D43EA0C335E1844EB1C50E2
:10D64000DA465146E7FB0201C5F313044FEA0B33F8
:10D6500043EA14534FEA0432019C43EA0603A4F15F
:10D660000C040294009CCDE900B400F098F903B0DA
:10D67000BDE8F08F00200146F9E72DE9F04D81EA81
:10D68000030404F0004B21F0004514464FF0000A5B
:10D6900023F0004150EA050220D054EA01021DD0D7
:10D6A000C5F30A570246C5F31303C1F31300C1F3D0
:10D6B0000A5640F4801543F48013A7EB0608101BAC
:10D6C000D64608F2FD3873EB050002D308F10108D5
:10D6D00001E092185B41B8F1000F03DA0020014627
:10D6E000BDE8F08D00204FF48011064684460EE020
:10D6F000171B73EB050705D3121B63EB05030643EA
:10D700004CEA010C49084FEA300092185B4150EA9C
:10D710000107EDD152EA030012D082EA040083EA45
:10D720000501084305D0101BAB4106D2012200239E
:10D7300006E000224FF0004302E06FF001025310B8
:10D740001AEB06004CEB085110EB0A0041EB0B0101
:10D75000BDE8F04D00F014B970B5C1F30A5201F004
:10D7600000450024C1F3130140F2FF3341F480115E
:10D770009A4201DA002070BD40F233439A42A2F28D
:10D78000334203DC524200F0D9F800E090402C43D1
:10D79000F1D0404270BD00F0004230F000400AD0AD
:10D7A000C10D01F56071C0F3160042EA0151C208D3
:10D7B00040071143704700200146704730B5041EF2
:10D7C00071F1000404DB4FF00044404264EB0101BE
:10D7D000141E73F1000405DB1C464FF00043524257
:10D7E00063EB04038B4208BF824230BD00BFFEE7FB
:10D7F000704700BFFEE7704710B501F0F7F910BDA4
:10D800004C6974655F5665725F315F305F30000050
:10D810000000000000000000000000000000000008
:10D820004170722033302032303236000000000068
:10D8300000000000000000000000000000000000E8
:10D8400032313A32343A3337000000000000000031
:10D8500000000000000000000000000000000000C8
:10D8600030B5041E71F1000404DB4FF00044404267
:10D8700064EB0101141E73F1000405DB1C464FF03C
:10D880000043524263EB0403994208BF904230BD0B
:10D8900030B50B46014600202022012409E021FA80
:10D8A00002F59D4205D303FA02F5491B04FA02F57D
:10D8B0002844151EA2F10102F1DC30BD2DE9F05F14
:10D8C0000546002092469B468846064681464024EF
:10D8D0001BE0284641464746224600F02FF85346B3
:10D8E0005A46C01A914110D311461846224600F0FC
:10D8F00016F82D1A67EB01084F4622460120002139
:10D9000000F00DF817EB00094E41201EA4F10104B0
:10D91000DFDC484631462A464346BDE8F09F202AD0
:10D9200004DB203A00FA02F1002070479140C2F176
:10D93000200320FA03F3194390407047202A04DBA8
:10D94000203A21FA02F00021704721FA02F3D04078
:10D95000C2F120029140084319467047202A06DB95
:10D96000CB17203A41FA02F043EAE07306E041FAAD
:10D9700002F3D040C2F1200291400843194670479B
:10D9800010B5141E73F1000408DA401C41F10001C7
:10D9900092185B411A4301D120F0010010BD2DE91E
:10D9A000F04D92469B4611B1B1FA81F202E0B0FA15
:10D9B00080F220329046FFF7B2FF04460F4640EA5D
:10D9C0000A0041EA0B0153465A46084313D0114658
:10D9D00053EA010019D0C8F140025046FFF7AEFFEC
:10D9E00005460E46504659464246FFF798FF084303
:10D9F00005D0012004E020463946BDE8F08D002026
:10DA0000054346EAE0762C4337430A986305E40A67
:10DA1000A0EB08000022FD0A44EA47540A3002D570
:10DA200000200146E9E7010510196941DDE90845D3
:10DA300000196941BDE8F04DA2E70EB5C10F80EABB
:10DA4000E0700844CA07002140F233438DE80E001D
:10DA50000A460B46FFF7A3FF03B000BDC1F30A520D
:10DA6000C1F3130140F2FF3341F480119A4202DA0C
:10DA700000200146704740F233439A42A2F23342FB
:10DA800002DC5242FFF75ABFFFF749BF064C074D71
:10DA900006E0E06840F0010394E80700984710347E
:10DAA000AC42F6D3FFF748FBEC0602080C0702086D
:10DAB00070B58C1810F8015B15F0070301D110F850
:10DAC000013B2A1106D110F8012B03E010F8016B7D
:10DAD00001F8016B5B1EF9D12B0705D40023521E00
:10DAE0000DD401F8013BFAE710F8013BCB1A921C68
:10DAF00003E013F8015B01F8015B521EF9D5A14266
:10DB0000D8D3002070BD10B5012007F029FC10B15A
:10DB1000012007F01FFC10BD10B54FF4005007F0B6
:10DB20001FFC18B14FF4005007F014FC10BD0000AA
:10DB30002DE9F04706460F469046994600BFDFF8AC
:10DB4000B4A09AF80000532801D001F04FF800BFAC
:10DB5000EFF311810846202181F3118800BF00BF37
:10DB6000244D002400BF04EB440205F1180101EB31
:10DB7000C201496801B903E0641C2969A142F2DCD1
:10DB800000BF2969A1422ADD04EB440205F1180116
:10DB900041F8326004EB440201EBC2014F6004EB38
:10DBA000440205F1180101EBC201C1F8088000220E
:10DBB00004EB440305F1180101EBC3010A6104EB16
:10DBC000440305F1180101EBC301CA6004EB4402F0
:10DBD00005F1180101EBC201C1F8149001E04FF00A
:10DBE000FF34C1B281F3118800BF00BF2046BDE8F9
:10DBF000F0870000508D00202DE9F05F05460F46AC
:10DC00009046994600BFDFF864B09BF800005328A7
:10DC100001D000F0EBFF00BFDFF850A0032D1FD2B2
:10DC2000EFF311810846202181F3118800BF00BF66
:10DC300005EB45020AF1600101EBC2043DB127602A
:10DC4000C4F80480C4F8089000212161E1600A99B9
:10DC50006161C1B281F3118800BF00BF002601E0FD
:10DC60004FF0FF363046BDE8F09F0000508D002099
:10DC70002DE9F74F82B08346174600BF2648009033
:10DC800000980078532801D000F0B0FF00BF0BEBE4
:10DC90004B012148603000EBC106DDF80C9035697E
:10DCA000D6F80CA04FF00008554517D9B068441BB2
:10DCB000BC4201D2204600E0384604467068284441
:10DCC0000190224648460199FFF73DFBA044A1443C
:10DCD0003F1B2544B068A84200D10025AAEB0504EB
:10DCE000BC4201D2204600E0384604465CB1706870
:10DCF00028440190224648460199FFF724FBA0449E
:10DD0000A1443F1B2544B8F1000F00D035614046C7
:10DD100005B0BDE8F08F0000508D00202DE9F74FD1
:10DD200082B082461446DDF80CB00AEB4A01224864
:10DD300000EBC105D5F81090EE686868304401909A
:10DD4000B14528D8A868801B471EA7420AD322469F
:10DD500059460198FFF7F7FA3019E860012005B03D
:10DD6000BDE8F08F4F44A74223D3A868A0EB060874
:10DD7000424659460198FFF7E6FAA4EB08043CB185
:10DD8000686801900BEB080122460198FFF7DBFA67
:10DD9000EC600120E3E7A9EB0600471EA74208D389
:10DDA000224659460198FFF7CEFA3019E860012063
:10DDB000D5E70020D3E70000688D002010B5064BA2
:10DDC000064A07480168006800F06AF84FF0805082
:10DDD00000F036FC10BD00000DF60008DCFD010867
:10DDE0000000002070B5EFF311800646202080F37C
:10DDF000118800BF00BF284800F09AFF05462C4656
:10DE00002046264A516805E0CAB242F0800200F876
:10DE1000012BC9097F29F7D800F8011B04462046C9
:10DE20001E4A916805E0CAB242F0800200F8012B58
:10DE3000C9097F29F7D800F8011B04462046174A74
:10DE4000116905E0CAB242F0800200F8012BC9094D
:10DE50007F29F7D800F8011B04462046002105E081
:10DE6000CAB242F0800200F8012BC9097F29F7D815
:10DE700000F8011B044618222146284600F05CFFEA
:10DE8000F0B280F3118800BF00BF0448406A10B1AF
:10DE90000249486A804770BD3096002008960020ED
:10DEA000F8B504460D4616461F4600234FF480621F
:10DEB0000F4910A0FFF73CFE104948700846407813
:10DEC000087600200090087E08230D4A09A1FFF77C
:10DED00093FE0020094908610A484068C860084666
:10DEE000066244608560476200200870F8BD00004B
:10DEF00008920020537973566965770008960020D0
:10DF0000F4000020001000E070B5EFF3118004462B
:10DF1000202080F3118800BF00BF074800F008FFF1
:10DF2000054611222946284600F006FFE0B280F39C
:10DF3000118800BF00BF70BD309600202DE9F04170
:10DF40000446EFF311800746202080F3118800BFBC
:10DF500000BF114800F0ECFE05462E460F48006950
:10DF6000241A3046214605E0CAB242F0800200F889
:10DF7000012BC9097F29F7D800F8011B06460822A2
:10DF80003146284600F0D8FEF8B280F3118800BF71
:10DF900000BFBDE8F0810000309600200896002008
:10DFA0002DE9F0410446EFF311800746202080F36D
:10DFB000118800BF00BF114800F0BAFE05462E468A
:10DFC0000F480069241A3046214605E0CAB242F0E3
:10DFD000800200F8012BC9097F29F7D800F8011B3E
:10DFE000064604223146284600F0A6FEF8B280F329
:10DFF000118800BF00BFBDE8F0810000309600200E
:10E00000089600202DE9F0410446EFF31180074601
:10E01000202080F3118800BF00BF114800F088FE67
:10E0200005462E460F480069241A3046214605E071
:10E03000CAB242F0800200F8012BC9097F29F7D843
:10E0400000F8011B064606223146284600F074FE01
:10E05000F8B280F3118800BF00BFBDE8F081000076
:10E0600030960020089600202DE9F041EFF3118052
:10E070000746202080F3118800BF00BF114800F040
:10E0800057FE0446254610480088C0F30806284677
:10E09000314605E0CAB242F0800200F8012BC909FE
:10E0A0007F29F7D800F8011B0546022229462046A1
:10E0B00000F042FEF8B280F3118800BF00BFBDE857
:10E0C000F08100003096002004ED00E070B5EFF321
:10E0D00011800446202080F3118800BF00BF07484C
:10E0E00000F026FE054603222946284600F024FEBD
:10E0F000E0B280F3118800BF00BF70BD30960020F1
:10E1000070B50C48006A78B10A48006A006858B1D6
:10E110000849096A0868804704460D462A46214690
:10E120000D2000F039F804E0034841680C2000F0AD
:10E1300005F870BD08960020001000E02DE9F041C0
:10E1400005460E46EFF311808046202080F31188AB
:10E1500000BF00BF0F4800F0EBFD044627463846DD
:10E16000314605E0CAB242F0800200F8012BC9092D
:10E170007F29F7D800F8011B07462A463946204672
:10E1800000F0DAFD08F0FF0080F3118800BF00BF47
:10E19000BDE8F081309600202DE9F04706460F4695
:10E1A0009046EFF311808146202080F3118800BF54
:10E1B00000BF174800F0BCFD05462C4620463946F6
:10E1C00005E0CAB242F0800200F8012BC9097F299C
:10E1D000F7D800F8011B04462046414605E0CAB2C4
:10E1E00042F0800200F8012BC9097F29F7D800F816
:10E1F000011B044632462146284600F09DFD09F0E9
:10E20000FF0080F3118800BF00BFBDE8F087000069
:10E21000309600202DE9F04706460F469046994675
:10E22000EFF311808246202080F3118800BF00BFE9
:10E230001D4800F07DFD05462C462046394605E088
:10E24000CAB242F0800200F8012BC9097F29F7D831
:10E2500000F8011B04462046414605E0CAB242F0E0
:10E26000800200F8012BC9097F29F7D800F8011BAB
:10E2700004462046494605E0CAB242F0800200F852
:10E28000012BC9097F29F7D800F8011B0446324643
:10E290002146284600F050FD0AF0FF0080F3118867
:10E2A00000BF00BFBDE8F087309600202DE9F05F89
:10E2B00006460F4690469946DDF828A0EFF31180F8
:10E2C0008346202080F3118800BF00BF244800F05F
:10E2D0002FFD05462C462046394605E0CAB242F0DD
:10E2E000800200F8012BC9097F29F7D800F8011B2B
:10E2F00004462046414605E0CAB242F0800200F8DA
:10E30000012BC9097F29F7D800F8011B04462046D4
:10E31000494605E0CAB242F0800200F8012BC90963
:10E320007F29F7D800F8011B04462046514605E036
:10E33000CAB242F0800200F8012BC9097F29F7D840
:10E3400000F8011B044632462146284600F0F4FC42
:10E350000BF0FF0080F3118800BF00BFBDE8F09F05
:10E360003096002070B50446EFF31180054620205A
:10E3700080F3118800BF00BF074800F0D9FC0646B3
:10E3800022463146304600F0D7FCE8B280F31188CF
:10E3900000BF00BF70BD0000309600202DE9F0479F
:10E3A00006462948006800284CD027480468002702
:10E3B00003E0246904B902E07F1CB742F9D300BF2F
:10E3C000002C3AD0EFF311808146202080F3118891
:10E3D00000BF00BF1D4800F0ABFC80464546284604
:10E3E000314605E0CAB242F0800200F8012BC909AB
:10E3F0007F29F7D800F8011B05462846A16805E0EB
:10E40000CAB242F0800200F8012BC9097F29F7D86F
:10E4100000F8011B054680222846216800F01EFCFA
:10E42000054616222946404600F086FC09F0FF000A
:10E4300080F3118800BF00BF00BF1CB1E06808B1C5
:10E44000E0688047BDE8F087FC000020309600209F
:10E4500010B50748006848B10548046800BFE06887
:10E4600008B1E06880472469002CF8D110BD000095
:10E47000FC00002070B5EFF311800646202080F3E9
:10E48000118800BF00BF0F4800F052FC044625462B
:10E4900028460D4A117805E0CAB242F0800200F821
:10E4A000012BC9097F29F7D800F8011B05461B225B
:10E4B0002946204600F040FCF0B280F3118800BFEE
:10E4C00000BF70BD30960020000100202DE9F04112
:10E4D0000446EFF311800546202080F3118800BF29
:10E4E00000BF0B4800F024FC074680222146384636
:10E4F00000F0B4FB06460E223146384600F01CFC04
:10E50000E8B280F3118800BF00BFBDE8F0810000D1
:10E51000309600202DE9F0410546EFF311800746C3
:10E52000202080F3118800BF00BF3B4800F000FCB2
:10E53000064634462046394B2A681B69D11A05E045
:10E54000CAB242F0800200F8012BC9097F29F7D82E
:10E5500000F8011B04462046A96805E0CAB242F053
:10E56000800200F8012BC9097F29F7D800F8011BA8
:10E57000044620222046696800F070FB0446092208
:10E580002146304600F0D8FB34462046234B2A680B
:10E590001B69D11A05E0CAB242F0800200F8012BD3
:10E5A000C9097F29F7D800F8011B04462046E9680D
:10E5B00005E0CAB242F0800200F8012BC9097F29A8
:10E5C000F7D800F8011B04462046296905E0CAB2C5
:10E5D00042F0800200F8012BC9097F29F7D800F822
:10E5E000011B04462046002105E0CAB242F0800229
:10E5F00000F8012BC9097F29F7D800F8011B044650
:10E6000015222146304600F097FBF8B280F31188BE
:10E6100000BF00BFBDE8F0813096002008960020C2
:10E6200010B50648006A38B10448006A406818B15D
:10E630000249096A4868804710BD0000089600201A
:10E640000149086170470000089600200146024811
:10E650000069081A704700000896002070B5012074
:10E660003A490870EFF311800446202080F31188A6
:10E6700000BF00BF48780A223549FFF74FFBE0B2E0
:10E6800080F3118800BF00BF0A20FFF76BFEEFF395
:10E6900011800646202080F3118800BF00BF2D485E
:10E6A00000F046FB05462C462046284A516805E006
:10E6B000CAB242F0800200F8012BC9097F29F7D8BD
:10E6C00000F8011B04462046204A916805E0CAB2C2
:10E6D00042F0800200F8012BC9097F29F7D800F821
:10E6E000011B04462046194A116905E0CAB242F0EE
:10E6F000800200F8012BC9097F29F7D800F8011B17
:10E7000004462046002105E0CAB242F0800200F82B
:10E71000012BC9097F29F7D800F8011B04461822EC
:10E720002146284600F008FBF0B280F3118800BFB4
:10E7300000BF0648406A10B10449486A8047FFF7A5
:10E74000DFFCFFF76DFFFFF795FE70BD0896002018
:10E75000C1FD01083096002070B5EFF31180054629
:10E76000202080F3118800BF00BF0A4800F0E0FAC3
:10E7700004460948007838B10B222146204600F0B3
:10E78000DBFA002004490870E8B280F3118800BF6A
:10E7900000BF70BD30960020089600202DE9F041A2
:10E7A0000546EFF311800646202080F3118800BF54
:10E7B00000BF194800F0BCFA0746802229463846B7
:10E7C00000F04CFA04462046012105E0CAB242F0AE
:10E7D000800200F8012BC9097F29F7D800F8011B36
:10E7E00004462046002105E0CAB242F0800200F84B
:10E7F000012BC9097F29F7D800F8011B04461A220A
:10E800002146384600F098FAF0B280F3118800BF34
:10E8100000BFBDE8F0810000309600202DE9F843EC
:10E8200005460C4616461F46DDF82080052221A12C
:10E830002046FEF7EDFD08B9BDE8F8831F480068E3
:10E84000142803D31E48FFF7A9FFF5E71B4800680B
:10E8500000EB80001B4941F820501848006800EB8D
:10E86000800001EB800044601448006800EB8000E9
:10E8700001EB800086601148006800EB800001EB2E
:10E880008000C7600D48006800EB800001EB80004D
:10E89000C0F8108009480068401C084908603B46E1
:10E8A000324621462846CDF8008000F095F800BF9A
:10E8B000C2E7000049444C4500000000040100206C
:10E8C0009C0602081497002070B505464048006871
:10E8D00000B970BD002408E004EB84003D4951F804
:10E8E0002000A84200D104E0641C3948006884423A
:10E8F000F2D300BF36480068401EA0420DD104EBA1
:10E900008401344A02EB81001421FEF743FD3048B4
:10E910000068401E2E49086057E02D480068844278
:10E9200053D22B480068401E00EB8000294951F863
:10E93000200004EB8401274A42F8210024480068A3
:10E94000401E00EB8000114601EB8000406804EBA4
:10E95000840102EB810148601D480068401E00EB05
:10E960008000114601EB8000806804EB840102EB1B
:10E970008101886016480068401E00EB8000114647
:10E9800001EB8000C06804EB840102EB8101C860E8
:10E990000F480068401E00EB8000114601EB80002C
:10E9A000006904EB840102EB8101086108490968F0
:10E9B000491E01EB810102EB81001421FEF7EAFC04
:10E9C00003480068401E0249086000BF81E700005C
:10E9D00004010020149700202DE9F04186B0044680
:10E9E0000D4616461F46DDF83080142101A8FEF7BB
:10E9F000D1FC0194029503960497CDF8148001A8E8
:10EA0000FFF788FD06B0BDE8F081000017480068F8
:10EA100020F008000830154908600846006820F01A
:10EA20000200801C08600846006820F00100401CBD
:10EA300008600846006820F0400040300860084642
:10EA4000006820F4004008600846006820F4804018
:10EA500008600846006820F020000860084600684A
:10EA600020F08000803008607047000034010020F2
:10EA700010B5FFF7F9FA00BF202080F31188BFF32B
:10EA80004F8FBFF36F8F00BF10F012FA20B14FF01D
:10EA900080500549086001E0FFF718FB00BF002027
:10EAA00080F3118800BF10BD04ED00E008B52648D2
:10EAB000006840F47000244908602448006840F071
:10EAC00001002249086000BF2048006800F00200F1
:10EAD0000028F9D000BF1D48406840F080001B4965
:10EAE00048600020009002E00098401C00900098D0
:10EAF0005028F9D31548406840F090001349486009
:10EB00000020009002E00098401C009000985028DF
:10EB1000F9D300BF0D48406820F003000B4948605E
:10EB2000084600680A490840084908604FF41F0079
:10EB300088600846006820F4802008600020486053
:10EB4000C86209F0CBF908BD88ED00E00010024072
:10EB5000FFFFF6FE10B51D491D480BF0ACF870B173
:10EB60001A491B480BF09EF81A48006838B1012278
:10EB70001749091D17480068163007F054FC16495C
:10EB800013480BF098F800B3134911480BF08AF8BA
:10EB9000124800881249098888420CDA11480F4946
:10EBA0000988405C0A49091D08600C480088401C1F
:10EBB0000A49088009E040F2073105480BF058F88F
:10EBC0000020064908800649088010BD050305009D
:10EBD0000038014050010020070307005E010020BB
:10EBE0005C010020C09C002000BFFEE770B5144C03
:10EBF000A8212046FEF7CEFB03202061606111A012
:10EC0000A0611349E1614FF4806121620021A1629A
:10EC10006162E1620BA020660E4961661021A16667
:10EC200000212167E1666167002505E0C5F10F005D
:10EC30000949085C60556D1C102DF7D370BD0000AC
:10EC4000508D00205465726D696E616C000000008B
:10EC5000F88D0020F8910020B0FD010870B50C4639
:10EC60000346401C802A00D9802203E011F8015B92
:10EC700000F8015B151EA2F1010202D00D78002DF3
:10EC8000F4D10D1B1D7070BD38B52849087E0122D6
:10EC90006946FEF7EDFF0446002C45D09DF80000C4
:10ECA00005281ED008DC01280FD0022810D0032828
:10ECB00011D004282CD111E0062815D0072816D031
:10ECC0007F2824D0802823D114E0FFF7C7FC2AE056
:10ECD000FFF742FD27E0FFF713FA24E0FFF7A0FC5F
:10ECE00021E0FFF77FF81EE0FFF7C4FB1BE0FFF712
:10ECF000AFFB18E00D49087E01226946FEF7B8FF18
:10ED000004461CB19DF80000FFF748FB0BE00AE049
:10ED10009DF80000802805DB0449087E0122694631
:10ED2000FEF7A6FF00BF00BF38BD00000896002018
:10ED30000146C81D704700002DE9F04705460F4603
:10ED4000144672480078012800D10FE06F4800781F
:10ED500000B9BCE06D480078022806D100F0DCF86C
:10ED60006A480078012800D0B1E000BF202C06D20C
:10ED70006648C0690121A140084000B1A7E0182CF5
:10ED800003D2681E0546047078E07E1B7F2E0BD9E7
:10ED9000C6F3C711681E05460170F0B240F080014D
:10EDA000681E0546017002E0681E054606707F2C4D
:10EDB00003D2681E0546047060E0B4F5804F0BD2A4
:10EDC000C4F3C711681E05460170E0B240F080012F
:10EDD000681E0546017051E0B4F5001F12D2C4F35D
:10EDE0008731681E05460170802040EAD410C1B208
:10EDF000681E05460170E0B240F08001681E0546BD
:10EE000001703BE0B4F1805F19D2C4F34751681E32
:10EE100005460170802040EA9430C1B2681E054664
:10EE20000170802040EAD410C1B2681E054601700E
:10EE3000E0B240F08001681E054601701EE0210F1F
:10EE4000681E05460170802040EA5450C1B2681E19
:10EE500005460170802040EA9430C1B2681E054624
:10EE60000170802040EAD410C1B2681E05460170CE
:10EE7000E0B240F08001681E054601702448D0F8D9
:10EE800004802248C068A8EB000A3846514605E0D5
:10EE9000CAB242F0800200F8012BC9097F29F7D8D5
:10EEA00000F8011B07467A1B184948782946FEF7E7
:10EEB00035FF8146B9F1000F03D01448C0F80C802B
:10EEC00004E012480078401C1049087000BF0F4849
:10EED000007E00EB40010F4800EBC100C1680B4809
:10EEE000007E00EB40020B4800EBC2000069081AEC
:10EEF0000AD00648807838B9012004498870FFF7A5
:10EF0000C3FE002001498870BDE8F0870896002004
:10EF1000001000E0B08D0020FEB501208DF800004B
:10EF20000DF1010630461C4A516905E0CAB242F0B3
:10EF3000800200F8012BC9097F29F7D800F8011BCE
:10EF40000646164844681448C068271A30463946B1
:10EF500005E0CAB242F0800200F8012BC9097F29FE
:10EF6000F7D800F8011B06466946721A0A49487824
:10EF70006946FEF7D3FE054635B10748C460007800
:10EF8000401E0549087004E003484069401C0249DE
:10EF900048612846FEBD000008960020001000E0F1
:10EFA0000FB4054B10B503A9044A029800F044FCC5
:10EFB00010BC5DF814FB0000F55A01086001002048
:10EFC0000FB47CB50C0009AD01D0611E00E000213A
:10EFD000CDE90001064B6A462946089800F02CFC52
:10EFE000002C02D0009A002111707CBC5DF814FB4B
:10EFF0003FFF00080FB4084B10B504A902AA0398FC
:10F0000000F01AFC044602A9002000F0A3FF2046ED
:10F0100010BC5DF814FB000055FF00087CB50C0027
:10F020001D461646014601D0601E00E00020CDE9D5
:10F030000010064B6A462946304600F0FDFB002CC6
:10F0400002D0009A002111707CBD00003FFF000833
:10F0500037B514460846064B6A46214600F0ECFBDD
:10F0600004466946002000F075FF20463EBD0000C2
:10F0700055FF00080000000070B5D94B00242DEDAD
:10F08000020B2DED108BDDE91010984205DA20F00F
:10F0900000429A4201D809D141B19DED100BBDEC5F
:10F0A000108B02B0BDE8704000F05EBAB0F5801F72
:10F0B00026DA11430BD0002813DA012000F080FA81
:10F0C000BDEC108B02B0BDE8704000F059BA0220D0
:10F0D00000F076FA00F030FA51EC100B81F00041AC
:10F0E0009EE06FF035049FEDC00B53EC102B9DEDAF
:10F0F000100B51EC100BFEF74EFACDE9100108464B
:10F1000004EB2051C0F31304B948A1F2FF312044AD
:10F1100000F4801080F07F6282F04052224301EBC5
:10F1200020559FEDB50B119253EC102B9DED100B5C
:10F1300051EC100BFEF729FA41EC180BA01CC0F3A0
:10F1400013009FEDAFDB9FEDB0EBB14E7E44032883
:10F150006CD296ED000B51EC180B53EC102BFEF714
:10F160002DFB1DD1002D01BF96ED000BBDEC108BCA
:10F1700002B070BD2846FEF760FC41EC180B53EC62
:10F180001D2BFEF708FA41EC190B53EC1E2B51EC2A
:10F19000180BFEF700FA53EC192BFEF755F93FE078
:10F1A0009FED9D0B51EC180B53EC102BFEF7F3F970
:10F1B0009FED9B1B53EC112BFEF7EAF941EC190B69
:10F1C00053EC182B51EC180BFEF7E5F953EC192B07
:10F1D000FEF7E1F941EC190B002D04BF53EC192B9C
:10F1E00051EC180B1AD02846FEF727FC41EC1A0BFD
:10F1F00053EC1D2BFEF7CFF953EC192BFEF7C8F992
:10F2000053EC182BFEF7C1F941EC180B53EC1E2BF5
:10F2100051EC1A0BFEF7BFF953EC182BFEF7B5F9BA
:10F22000BDEC108B02B041EC100B70BD9FED7E0B5E
:10F2300051EC180B53EC102BFEF706F941EC100BB8
:10F2400051EC180B53EC102BFEF717FA41EC190B8D
:10F250002846FEF7F2FB41EC1B0B53EC192B51EC4B
:10F26000190BFEF798F941EC1A0B714853EC1A2B65
:10F27000261851EC1A0BFEF78EF941EC1F0B6D4866
:10F28000C4F1510404F5D724B0EE4F0AF0EE6F0A32
:10F290000321784400F0D2F853EC1F2B51EC100BF3
:10F2A000FEF779F941EC1C0B6348B0EE4F0AF0EE23
:10F2B0006F0A0421784400F0C1F853EC1A2B51EC8A
:10F2C000100BFEF768F9344353EC1C2BFEF7BCF827
:10F2D00041EC1C0B002C4CDD9FED510B51EC180B3D
:10F2E00053EC102BFEF757F953EC182BFEF753F99C
:10F2F00041EC1A0B55B353EC1D2B51EC1B0BFEF7D5
:10F300004AF941EC1D0B53EC1C2B51EC1A0BFEF788
:10F310009BF853EC192BFEF73EF953EC1D2BFEF72F
:10F3200093F853EC1A2BFEF733F953EC182BFEF736
:10F330002CF941EC180B53EC1E2B51EC1B0BFEF778
:10F340002AF953EC182BFEF720F969E753EC1C2B34
:10F3500051EC1A0BFEF778F853EC192BFEF71BF95A
:10F3600053EC1A2BFEF714F953EC182BFEF710F997
:10F3700056E735B353EC1D2B51EC1B0BFEF70BF985
:10F3800041EC1A0B53EC1C2B51EC180BFEF7FDF85B
:10F3900053EC192BFEF7FFF853EC1A2BFEF7F5F898
:10F3A00053EC182BFEF7F1F841EC180B53EC1E2B25
:10F3B00051EC1B0BFEF7EFF853EC182BFEF7E5F8BA
:10F3C0002EE753EC1C2B51EC180BFEF7DEF853EC38
:10F3D000192BFEF7E0F853EC182BFEF7D9F81FE7CE
:10F3E0000000F07F0000000000000000000050431B
:10F3F000645F090000000000000000000000F03F12
:10F40000763C7935EF39EA3D0000E0FE422EE63FDA
:10F41000200E010000000000555555555555D53FAB
:10F42000000000000000E03F00000000000000407D
:10F4300086EBF9FFA20C0100980C010070B50446A0
:10F440002DED028B4D1E00EBC500B0EE408AF0EEB4
:10F45000608A90ED000B35F0060017D053EC182BA6
:10F4600051EC100BFEF797F841EC100B6D1E04EBFE
:10F47000C50090ED001B51EC100B53EC112BFDF768
:10F48000E3FF41EC100B35F00600E7D1022D36D03A
:10F49000042D1CD0062D1CBFBDEC028B70BD53EC9F
:10F4A000182B51EC100BFEF776F894ED0A1B53EC79
:10F4B000112BFDF7C9FF53EC182BFEF76CF894EDF8
:10F4C000081B53EC112BFDF7BFFF41EC100B53EC65
:10F4D000182B51EC100BFEF75EF894ED061B53EC65
:10F4E000112BFDF7B1FF53EC182BFEF754F894EDF8
:10F4F000040B53EC102BFDF7A7FF41EC100B53EC62
:10F50000182B51EC100BFEF746F894ED021B53EC50
:10F51000112BFDF799FF53EC182BFEF73CF894EDF7
:10F52000001B53EC112BFDF78FFFBDEC028B41EC60
:10F53000100B70BD000000009FED070B10B553ECE1
:10F54000102B9FED070B51EC100BFEF796F841ECDA
:10F55000100B10BD000000000000000000000000C3
:10F56000000000000000F03F10B553EC102B51ECF0
:10F57000100BFDF769FF41EC100B10BD00000000FF
:10F580009FED050B10B553EC102B51EC100BFEF753
:10F5900074F841EC100B10BD0000000000000000EA
:10F5A00002E008C8121F08C1002AFAD1704770474C
:10F5B000002001E001C1121F002AFBD170470000AA
:10F5C0000149086070470000EC0600202DE9F04179
:10F5D0000FF064FC00250446012100202246A2FB16
:10F5E000016705FB017104FB001534464FF47A7284
:10F5F00000212046A0FB026705FB027204FB0125E7
:10F60000344620462946BDE8F081000010B503A02D
:10F61000FEF75CFF0EA0FEF759FF10BD4E3D46728F
:10F62000656552544F532044656D6F204170706C76
:10F6300069636174696F6E2C443D436F72746578C1
:10F640002D4D342C4F3D4672656552544F5300008A
:10F65000492331353D5379735469636B00000000D1
:10F66000F8B500241DE004EB8400104901EB800094
:10F67000006904EB84050E4606EB85050090EB68F7
:10F6800004EB840506EB8505AA6804EB840506EB0C
:10F690008505696804EB840556F82500FFF79CF999
:10F6A000641C034800688442DDD3F8BD1497002031
:10F6B000040100202DE9FF5F82B00021DDE9043064
:10F6C000020DDDF840B0034318D044F61050A2F20A
:10F6D000FF3242431514119801281FD0A5EB0B00EF
:10F6E000401C5FEA000A4FF000064E4FDFF83891E9
:10F6F000B046504615D5CAF1000413E01198012414
:10F700004AA3012801D16FEA0B010298119AC0E9BE
:10F710000031C0E9024206B0BDE8F09FCBF1000025
:10F72000DFE704460021404A491842EB0450CDE986
:10F73000001012E0E00707D032463B4640464946FB
:10F74000FDF729FF8046894632463B46104619465A
:10F75000FDF721FF06460F466410002CEAD1DDE9D3
:10F760000401DDE90023BAF1000F06DAFDF713FF0B
:10F7700042464B46FDF70FFF05E0FDF77EFF424690
:10F780004B46FDF77AFF04460E460022284BFEF753
:10F7900067F803D84FF0FF30014607E00022254B01
:10F7A00020463146FDF750FEFEF758F9102409E0D7
:10F7B000002C0ADB0A220023FEF780F8039B30327C
:10F7C0001A55641E50EA0102F2D1641C039AC4F176
:10F7D00011031444119A012A03D0012208430DD1C8
:10F7E0000AE0084304D000204FF0110B119072E79B
:10F7F000A3EB0B056D1E0DE05B4504DD4FF0000231
:10F8000005F1010504E003DA4FF00002A5F101055E
:10F81000002AECD002981199C0E90231C0E90045F4
:10F8200079E70000000014400000F03F30000000C5
:10F830000000F0430000E03F2DE9FF4F95B09A46ED
:10F84000884606460025EEE1252877D10024274684
:10F85000F94A0121039400E0044316F8013F203BDC
:10F8600001FA03F01042F7D130782A2811D06FF056
:10F870002F033078A0F13002092A16D8039A44F0F9
:10F88000020402EB820203EB42021044761C039056
:10F89000EFE758F8042B0392002A03DA504244F4AD
:10F8A0000054039044F00204761C30782E2816D1C0
:10F8B00016F8010F44F004042A280DD06FF02F022F
:10F8C0003078A0F13003092B09D807EB870302EB4E
:10F8D0004303C718761CF3E758F8047B761C30788E
:10F8E0006C280FD006DC4C2817D068280DD06A2869
:10F8F00014D104E0742810D07A280FD10DE044F41C
:10F9000000140AE044F4801401E044F440147278D6
:10F91000824202D104F58014761C761C3078662869
:10F920000BD013DC582877D009DC002875D0452887
:10F93000F6D04628F4D047281AD193E118E063287E
:10F9400035D0642879D0652812D18BE1702873D026
:10F9500008DC6728F1D069286FD06E280DD06F2899
:10F9600006D1ACE073282CD0752874D0782853D0F9
:10F970005246179990476D1C54E1C4F30250022877
:10F9800009D003280DD0D8F8001004280DD00D6040
:10F9900008F1040846E1D8F80010EA17C1E900525E
:10F9A000F6E7D8F800100D80F2E70D70F0E718F8D0
:10F9B000041B8DF8001000208DF80100EB4601209B
:10F9C00003E058F804BB4FF0FF3061074FF000012F
:10F9D00002D40DE009F101018946B9420FDA8145EF
:10F9E000F8DB1BF809100029F4D108E009F1010146
:10F9F00089468142FADB1BF809100029F6D10398E9
:10FA00005346A0EB090721463846179A00F080FAC2
:10FA1000284400EB090507E044E008E10DE01BF88D
:10FA2000010B524617999047B9F10109F7D2534695
:10FA300021463846179AF2E039E00A21C4F302520F
:10FA40004FF0000B0091022A06D058F8040BC117A2
:10FA5000032A09D00AE023E008F1070020F007029A
:10FA6000F2E80201904605E000B2C117042A01D174
:10FA700040B2C117002906DA0A460021404261EB74
:10FA800002012D2202E0220504D52B228DF804204C
:10FA9000012203E0E20701D02022F7E7914657E078
:10FAA0000A2100E010214FF0000B00910BE0102123
:10FAB0004FF0000B44F004040827009103E00820F5
:10FAC0004FF0000B0090C4F30252022A05D058F800
:10FAD000040B0021032A08D008E008F1070020F0F9
:10FAE0000702F2E80201904603E080B2042A00D146
:10FAF000C0B24FF0000922072AD53278702A07D009
:10FB0000DDF800C08CF0100C5CEA0B0C05D00EE0A8
:10FB100040228DF80420012208E050EA010306D0BB
:10FB200030238DF804308DF8052002229146009B89
:10FB300083F0080353EA0B030AD150EA010201D112
:10FB4000620705D530228DF804204FF001097F1E91
:10FB50003278582A04D039A20C920CAA02920BE0F7
:10FB60003BA2F9E75B46009AFDF7A8FE0C9B9B5C65
:10FB7000029A521E0292137050EA0102F2D10298C8
:10FB800004A9081A00F1200B600702D524F4803480
:10FB900000E001275F4502DDA7EB0B0000E000203D
:10FBA00000EB0B01009003984944401A0390E003D6
:10FBB00006D453462146179A039800F0A9F9054444
:10FBC000002706E001A85246C05D179990476D1CBA
:10FBD0007F1C4F45F6DBE0030CD553462146179AB0
:10FBE000039800F095F9054404E030205246179937
:10FBF00090476D1C0099481E00900029F5DC08E034
:10FC00000298029952460078491C02911799904730
:10FC10006D1CBBF10001ABF1010BF1DC5BE100F00D
:10FC200065F90544761C307800287FF40DAE19B0D4
:10FC30002846BDE8F08F000009280100303132333A
:10FC40003435363738396162636465660000000018
:10FC50003031323334353637383941424344454602
:10FC600000000000600700D4062708F1070020F01C
:10FC70000700F0E80223804603F0004C5FEA0C0026
:10FC800001D097A009E0200501D596A005E0E00786
:10FC900001D095A001E0AFF24C001390307823F032
:10FCA000004365280CD006DC452809D046281DD025
:10FCB00047287FD13BE0662818D067287AD136E004
:10FCC0000021112F01DB112000E0781CCDE900019B
:10FCD00004A90CA8FFF7EEFCDDE90D010C9A4FF02A
:10FCE000000B07F10109109200914EE04FF0004027
:10FCF0000097CDE9011004A90CA8FFF7DBFCDDE9B2
:10FD00000D020C9B0F994FF0000B9146109300923F
:10FD100011B9791C00EB0109B7EB090003D4C0F15C
:10FD2000FF3B07F10109A9EB0700019042E0012F19
:10FD300000DA01270021112F01DD112000E03846F3
:10FD4000CDE9000104A90CA8FFF7B4FCDDE90D0121
:10FD50000C9A00914FF0000BB946109221070FD476
:10FD6000009A4A4503DA914601E0A9F10109B9F187
:10FD7000010F05DD109AA9F10101515C3029F4D081
:10FD8000B84202DA10F1040F03DA0121CDE90110C3
:10FD900010E0002803DC8344A9EB000102E0411CD1
:10FDA000494500DD8946A0EB0B00401C01904FF057
:10FDB00000400290200705D40198484502DB4FF02F
:10FDC000FF30019000208DF84B0002980DF14B0799
:10FDD000B0F1004F25D002200C902B200D900298FE
:10FDE00000280CDA404202902D200D9007E00A21F5
:10FDF0000298FDF74DFD3031029007F8011D0C9976
:10FE0000481E0C900029F2DC02980028EFD1791EE0
:10FE10000D980870307800F0200040F0450007F899
:10FE2000020D11A8C01BC01D02901398007800B1EC
:10FE3000012000EB0901019801EBE07102980144F7
:10FE40000398401A401E0390E00306D4534621460F
:10FE5000179A039800F05CF805441398007818B1DD
:10FE60005246179990476D1CE00323D5534621460F
:10FE7000179A039800F04CF805441BE0BBF1000F03
:10FE800007DB0098584504DD1098179910F80B000F
:10FE900001E0179930205246904701980BF1010B71
:10FEA000401E05F10105019004D12E2052461799FC
:10FEB00090476D1CB9F10001A9F10109DEDC05E0F4
:10FEC00017F8010B5246179990476D1C0299481E6E
:10FED00002900029F4DC53462146179A03989EE6C7
:10FEE0002D0000002B000000200000002DE9F04153
:10FEF000044600251E461746880404D405E039460A
:10FF00002020B0476D1C641EF9D52846BDE8F0815D
:10FF10002DE9F041044600251E469046C80301D550
:10FF2000302700E02027880404D505E04146384604
:10FF3000B0476D1C641EF9D52846BDE8F0814A68BB
:10FF4000002A06D00A68531C0B6010704868401ED7
:10FF5000486070470A68531C0B60107070478168D6
:10FF600041F00801816000BF816801F008010029AB
:10FF7000FAD1816841F00401816000BF816801F01D
:10FF800004010029FAD1704730B5012902D00229B5
:10FF90001AD10CE0C36A23F47003C362C36A541E0F
:10FFA0004FF4700505EA04542343C3620DE0836BEC
:10FFB00023F440138363836B541E4FF4401505EA0A
:10FFC00004542343836300E000BF00BF30BD000042
:10FFD00010B5002000F0CAF8012202213A4800F0D2
:10FFE00038F901221102384800F033F9002136486F
:10FFF00000F06CF80C2201213348FFF7C5FF0723FE
:020000040801F1
:1000000000221146304800F0BFF8072301221146B4
:100010002D4800F0B9F80723022211462A4800F0C3
:10002000B3F8072306220321274800F0ADF8072381
:100030001A460421244800F0A7F8072308220521C6
:10004000214800F0A1F80723092206211E4800F0EC
:100050009BF807230A2219461B4800F095F807234E
:100060000B220821184800F08FF807230D220921E0
:10007000154800F089F807230E220A21124800F0E3
:1000800083F807230F220B210F4800F07DF84FF46F
:10009000602201210C4800F051F8012211460A4863
:1000A00000F02DF8084800F01CF8074800F01EF892
:1000B000012003F0B7FE0448FFF751FF0121024879
:1000C00000F0B8F810BD00000024014021B18268A2
:1000D00042F40062826003E0826822F4006282607F
:1000E0007047816841F4807181607047816801F0D8
:1000F000010119B9816841F001018160704772B155
:1001000001F001031BB1836843F48013836001F0A5
:10011000020393B1836843F4004383600DE001F070
:1001200001031BB1836823F48013836001F0020391
:100130001BB1836823F4004383607047012902D018
:10014000022910D107E0836823F460238360836869
:100150001343836008E0836823F4E043836083688B
:100160001343836000E000BF00BF70470549096882
:1001700021F47021034A116011460968014311609E
:100180007047000004240140F0B51D4606290CD23A
:10019000436B01EB81071F26BE40B34301EB810691
:1001A00002FA06F63343436322E00C290ED2036BB6
:1001B0008E1F06EB86071F26BE40B3438E1F06EB3D
:1001C000860602FA06F63343036311E010290FD2C4
:1001D000C36AA1F10C0606EB86071F26BE40B34397
:1001E000A1F10C0606EB860602FA06F63343C3625B
:1001F0000A2A0CD2046902EB42070726BE40B44328
:1002000002EB420605FA06F63443046111E0122AB5
:100210000FD2C468A2F10A0606EB46070726BE40C5
:10022000B443A2F10A0606EB460605FA06F6344385
:10023000C460F0BD01F001021AB1826842F480028C
:10024000826001F002021AB1826842F400128260F8
:100250007047AAB101F480731BB1436843F4807303
:10026000436001F480631BB1436843F480634360DF
:1002700001F00203CBB1836843F00203836014E012
:1002800001F480731BB1436823F48073436001F46D
:1002900080631BB1436823F48063436001F0020371
:1002A0001BB1836823F00203836070472DE9F84394
:1002B00006460F4614464FF000084FF00409FF228F
:1002C00049466846FDF75FF824F003052DB12A463C
:1002D0003946304604F048FA8046651BB8F1000FF5
:1002E0000FD175B124F00300C1192A466846FDF705
:1002F0002AF824F0030188194A46694604F034FAC2
:1003000080464046BDE8F88313B586B004464FF0FA
:10031000FF300590002004900390184903AB04AA15
:10032000CDE900100146204607F026FC039848B1AD
:100330000120134905AB07AACDE900100221204690
:1003400007F01AFC0498B0B10598401C98B90498BD
:10035000012802D80B48007850B10120084905ABAC
:1003600007AACDE900100146204607F005FC02E08F
:10037000012004490870059808B010BDD97B010818
:10038000890301089500002070B503460C46154608
:10039000187880B118692668B0420CD9987801287D
:1003A00005D09878022806D10448007818B9586911
:1003B0002860012070BD0020FCE7000095000020AF
:1003C0001CB50AF00DFA0548012100234022CDE9B1
:1003D000001003A104480EF025FC1CBD9002002073
:1003E00042757A5461736B00EDA7010810B504469D
:1003F000082C2FD2DFE804F02E040A10161C222845
:1004000000226421012001F05BFE24E064221146F9
:10041000022001F055FE1EE064221146032001F087
:100420004FFE18E00022C821012001F049FE12E031
:10043000C8221146022001F043FE0CE0C8221146FA
:10044000032001F03DFE06E0C8221146052001F020
:1004500037FE00E000BF00BF012010BD01468A202A
:10046000087088204870B420488001207047000040
:100470001CB51E481E4B0C22082100901D4802F09E
:1004800008FC002815DC1C480078C0F3401020B997
:1004900019480078C0F3C00048B118A02221214BB0
:1004A00021A2CDE900102BA1012004F05DFA00206B
:1004B0001CBD10480068002815D10F480078C0F313
:1004C000401020B90C480078C0F3C00048B123A008
:1004D0002921144B14A2CDE900101EA1012004F023
:1004E00043FA0020E4E70120E2E700002DC2010802
:1004F000691D0108C00600203401002062446973B0
:10050000705461736B3A7470446973705461736BA7
:10051000C8CECEF1B6D4CFF3B3F5CABCBBAFCAA731
:10052000B0DC000010FF01084861726477617265F9
:100530005C4D445F446973706C61795C6D645F64A9
:100540006973706C61795F71756575655F746173EE
:100550006B2E63004E4F5F54414700006244697345
:10056000705461736B3A7470446973705461736B47
:10057000C8CECEF1B6D4CFF3B4B4BDA8CAA7B0DC10
:100580000000000010B5044644488078A04212D014
:1005900042488470807801280ED141480078C0F329
:1005A000401028B93E480078C0F3C000002872D03F
:1005B0003CA007F07DFA6EE03848807802280ED122
:1005C00037480078C0F3401028B935480078C0F3A8
:1005D000C00000285FD03CA007F06AFA5BE02F481B
:1005E000807803280ED12E480078C0F3401028B937
:1005F0002B480078C0F3C00000284CD03BA007F087
:1006000057FA48E02548807804280ED1244800781D
:10061000C0F3401028B922480078C0F3C000002879
:1006200039D03AA007F044FA35E01C488078052814
:100630000ED11B480078C0F3401028B91848007844
:10064000C0F3C000002826D038A007F031FA22E01D
:100650001248807806280DD111480078C0F3401068
:1006600020B90F480078C0F3C000A0B138A007F04F
:100670001FFA10E00948807807280CD10848007854
:10068000C0F3401020B906480078C0F3C00010B194
:1006900037A007F00DFA012010BD0000A8020020CD
:1006A0003401002062446973705461736B3ACFD493
:1006B000CABEC8CECEF1D7B4CCACCEAAB3F5CABCB4
:1006C000BBAF0D0A0000000062446973705461738F
:1006D0006B3ACFD4CABEC8CECEF1D7B4CCACCEAA7A
:1006E000B9D8B1D5D6D00D0A0000000062446973B4
:1006F000705461736B3ACFD4CABEC8CECEF1D7B4B2
:10070000CCACCEAAB9D8B1D50D0A00006244697349
:10071000705461736B3ACFD4CABEC8CECEF1D7B491
:10072000CCACCEAAB4EDCEF30D0A000062446973DE
:10073000705461736B3ACFD4CABEC8CECEF1D7B471
:10074000CCACCEAAC6F4B6AFD6D00D0A00000000DD
:1007500062446973705461736B3ACFD4CABEC8CE19
:10076000CEF1D7B4CCACCEAAB9A4D7F70D0A00000D
:1007700062446973705461736B3ACFD4CABEC8CEF9
:10078000CEF1D7B4CCACCEAAC9FDBCB6C4A3CABD09
:100790000D0A000070B505460C4615B1012D01D1BA
:1007A00004E01CE019480078C0B900BF1748007881
:1007B00028B901200AF0BAF8012015490870012073
:1007C00012490870012C01D1002088800F488088D0
:1007D000B8B10E4880880D49C88012E000BF0B48B0
:1007E000007830B10AF03EF80AF098F800200AF0DC
:1007F0009DF80BF0B1FD0020044908700120044968
:10080000087000BF00BF012070BD0000A8020020DA
:10081000B00200201CB50BF09FFD0AF02BF8FFF78B
:1008200027FE08B900201CBD054802210023CA018B
:10083000CDE9001003A106480EF0F4F90120F2E71B
:10084000A4020020446973705461736B00000000BF
:1008500065A901082DE9F04705460E464FF000084E
:10086000701B401C4FEAD029A5F10060C70A24483C
:100870000078C0F3800028B133462A46394621A0CB
:1008800007F016F905F082F840F2053004F0E6FFB3
:100890004FF4417004F0E2FF40F2023004F0DEFF5A
:1008A000002420E04FF4006101FB045004F0FCFF41
:1008B00048B913480078C0F3800078B139191DA0F9
:1008C00007F0F6F80AE04FF001080D480078C0F391
:1008D000800018B139191EA007F0EAF840F207307D
:1008E00004F0BCFF641C4C45DCD304F0C7FFB8F136
:1008F000000F02D00020BDE8F0870120FBE70000D8
:1009000034010020624F706572466C6173683A452D
:100910007261736525642C616464726573733A3027
:10092000782530325820746F2030782530325820A6
:100930000D0A0000624F706572466C6173683ABFC1
:10094000AACABCB2C1B3FDB5DA2564D2B30D0A00A0
:10095000624F706572466C6173683AB5DA2564D28D
:10096000B3B2C1B3FDCAA7B0DC0D0A002DE9F04156
:1009700007460C46154621480078C0F3800010B1A8
:100980001FA007F095F805F001F84FF000080BE004
:100990003846216805F01CF810B10020BDE8F08150
:1009A0003F1D241D08F10108B8EB950FF0D305F0A9
:1009B000030686B12088C6F104024FF0FF31D14012
:1009C00008401FFA80F84146384605F001F808B1A2
:1009D0000020E3E700BF40F2073004F03FFF04F0DF
:1009E0004DFF06480078C0F3800028B10AA007F048
:1009F0005FF80EA007F05CF80120CFE7340100207B
:100A00000D0A2073746172742077726974652046D0
:100A10004D43200A000000000D0A577269746520DA
:100A2000636F6D706C657465210A00000D0A00002B
:100A30000120704730B5034607E013F8014B11F869
:100A4000015BAC4201D0002030BD101EA2F10104B8
:100A5000E2B2F2D10120F7E71CB50AF044F80648EB
:100A600001210023C022CDE9001004A106480EF0A8
:100A7000D9F801201CBD0000CC0600206248656149
:100A8000744D616E61676500CDAB010804488068F4
:100A900000F4805008B9012070470020FCE70000F6
:100AA000001001400448806800F4805008B901201B
:100AB00070470020FCE700000010014004488068F7
:100AC00000F4005008B9012070470020FCE7000046
:100AD000001001400448806800F4005008B901206B
:100AE00070470020FCE700000010014004488068C7
:100AF00000F4804008B9012070470020FCE70000A6
:100B0000001001400448806800F4804008B90120CA
:100B100070470020FCE70000001001400448006816
:100B200000F0040008B9012070470020FCE7000035
:100B3000081401400448006800F0040008B90120CE
:100B400070470020FCE7000008140140044880685A
:100B500000F4004008B9012070470020FCE70000C5
:100B6000001001400448806800F4004008B90120EA
:100B700070470020FCE700000010014010B504465B
:100B8000012C06D10848807B60B902200649887391
:100B900008E000200449887300231A4619461846C5
:100BA0000CF07EF9012010BDCCA0002001461448B5
:100BB00090ED050AF0EE000AB4EEE00AF1EE10FA4C
:100BC00005DD10480088884201DA00207047B1F541
:100BD0007A7F01DA084601E04FF47A70094A108002
:100BE00010460088084A106006480088002801DD89
:100BF000062000E00320034AD0700120E6E7000051
:100C0000589F0020DA0600203804004010B5034643
:100C10000024012B06D0022B07D0032B08D0042B75
:100C20000CD108E04FF496740AE04FF4167407E014
:100C30004FF4487404E04FF47A7401E0002400BFDC
:100C400000BF034883702046FFF7B0FF10BD0000CF
:100C5000DA06002000200549088088700320C8704B
:100C6000002003490860012070470000DA060020D8
:100C7000380400400348008808B100207047012074
:100C8000FCE700005C01002010B504460CB9002010
:100C900010BDB4F5807F01DD4FF4807422460A490F
:100CA0000A4805F03FFB0A490880002009490880EE
:100CB00009490A4808F0F6FF40F20731074808F0F2
:100CC000E4FF0120E4E70000C09C0020A899002078
:100CD0005C0100205E01002007030700003801408E
:100CE00038B5012409480A4B22020821009009481E
:100CF00001F0CFFF0446002C01DC002038BD054880
:100D0000006808B90020F9E70120F7E705C20108EB
:100D1000B11C01084801002010B56423EF224FF4F4
:100D20008071054801F06FFE0446002C01DC0020B4
:100D300010BD0120FCE700005001002010B5002488
:100D40001548006808B9002010BD1448006808B9AB
:100D50000020F9E7FFF78EFF08B90020F4E7002133
:100D60000E4800680DF008FE012813D10C4805F06C
:100D7000B4FA0C4908800846008820B1084600886B
:100D8000FFF782FF044600231A461946034800680D
:100D90000DF076FB2046D7E74C01002040010020F3
:100DA000A89900204401002010B5EF224FF4807173
:100DB000044801F079FE0446002C01DC002010BD3F
:100DC0000120FCE74C0100201CB5FFF7A5FF08B986
:100DD00000201CBDFFF7E8FF08B90020F9E7FFF786
:100DE0007FFF08B90020F4E74FF400720849094872
:100DF00005F08AFA00F098FD0748012100238A02D5
:100E0000CDE9001005A108480DF00CFF0120E0E736
:100E1000C0990020A8990020380100205072696E06
:100E2000745461736B00000061B7010801461448F7
:100E300090ED060AF0EE080AB4EEE00AF1EE10FAC0
:100E400005DD10480088884201DA00207047B1F5BE
:100E50007A7F01DA084601E04FF47A70094A10807F
:100E600010460088084A106006480088002801DD06
:100E7000062000E00320034AD0700120E6E70000CE
:100E8000589F0020DE060020342C014010B5034698
:100E90000024012B06D0022B07D0032B08D0042BF3
:100EA0000CD108E04FF496740AE04FF4167407E092
:100EB0004FF4487404E04FF47A7401E0002400BF5A
:100EC00000BF034883702046FFF7B0FF10BD00004D
:100ED000DE06002010B50AF087FC002004490880D7
:100EE00088700320C870002002490860012010BDEE
:100EF000DE060020342C014000B500F041F830B986
:100F000000F03CF818B90448C07B062801DB01203A
:100F100000BD0020FCE70000CCA0002010B5044676
:100F200000F030F818B90D480078012813D10B48AB
:100F3000C078C0F3800070B900220121204601F082
:100F40000FFF0748007800F0010010B105A006F07F
:100F5000AFFD012010BD0020FCE7000088990020B3
:100F600034010020625379735461736B3ABFAAC68F
:100F7000F4B3E4B5E7BBBDD0D10D0A000020704743
:100F80000020704705480078022803D00348007805
:100F9000032801D1012070470020FCE78899002038
:100FA00005480078052803D003480078062801D1B9
:100FB000012070470020FCE78899002001464FF48B
:100FC0001670A1F8030041204870F62088704FF495
:100FD000C870A1F8050000200870012070470000CB
:100FE0001CB51D481D4B0C22082100901C4801F027
:100FF00050FE002815DC1B48007800F0010020B9E5
:1010000018480078C0F3C00048B117A02121204B38
:1010100020A2CDE9001028A1012003F0A5FC0020AA
:101020001CBD0F480068A8B90E48007800F0010008
:1010300020B90C480078C0F3C00048B120A0282196
:10104000134B14A2CDE900101BA1012003F08CFC6E
:101050000020E5E70120E3E7DDC101087D19010873
:101060002801002034010020625379735461736BAE
:101070003A74705379735461736BC8CECEF1B6D4A1
:10108000CFF3B3F5CABCBBAFCAA7B0DC0000000009
:101090007CFE01084170706C69636174696F6E5CFD
:1010A0005379735C7379735F71756575655F74618E
:1010B000736B2E63000000004E4F5F5441470000E9
:1010C000625379735461736B3A74705379735461DA
:1010D000736BC8CECEF1B6D4CFF3B4B4BDA8CAA753
:1010E000B0DC000000B502460348A0F80D200AF06D
:1010F00007FC012000BD00008899002070B504465F
:101100000D4652480078A0420DD050480470007837
:10111000012809D14E48007800F001000028F3D0E2
:101120004CA006F0C5FC8AE048480078022814D19B
:1011300050488078022806D000231A4602214E48E3
:10114000006801F0D5FC4248007800F0010000285A
:1011500075D04AA006F0ACFC71E03C48007803284A
:1011600014D144488078032806D000231A4603216E
:101170004148006801F0BCFC3548007800F00100EF
:1011800000285CD045A006F093FC58E02F4800787A
:10119000042814D137488078042806D000231A4642
:1011A00004213548006801F0A3FC2948007800F0CC
:1011B0000100002843D041A006F07AFC3FE023481C
:1011C0000078052817D12B488078052806D0002301
:1011D0001A4606212848006801F08AFC01200AF01E
:1011E0008AFB1B48007800F00100002827D03BA0B4
:1011F00006F05EFC23E015480078062813D11D4850
:101200008078062806D000231A4607211A4800686D
:1012100001F06EFC0E48007800F0010078B137A0B4
:1012200006F046FC0BE009480078072807D108487B
:10123000007800F0010010B138A006F039FC15B1BB
:101240000420FFF7D3F8012070BD0000889900202A
:1012500034010020625379735461736B3ACFB5CD7A
:10126000B3C8CECEF1D7B4CCACCEAAB3F5CABCBB12
:10127000AF0D0A00A8020020C00600206253797357
:101280005461736B3ACFB5CDB3C8CECEF1D7B4CCE1
:10129000ACCEAAB9D8B1D5D6D00D0A0062537973B5
:1012A0005461736B3ACFB5CDB3C8CECEF1D7B4CCC1
:1012B000ACCEAAB9D8B1D50D0A000000625379733B
:1012C0005461736B3ACFB5CDB3C8CECEF1D7B4CCA1
:1012D000ACCEAAB4EDCEF30D0A00000062537973D0
:1012E0005461736B3ACFB5CDB3C8CECEF1D7B4CC81
:1012F000ACCEAAC6F4B6AFD6D00D0A00625379734D
:101300005461736B3ACFB5CDB3C8CECEF1D7B4CC60
:10131000ACCEAAB9A4D7F70D0A00000062537973C6
:101320005461736B3A2D2D2D2DB8FCD0C2CFB5CDA5
:10133000B3C8CECEF1D7B4CCACCEAAC9FDBCB6C42E
:10134000A3CABD2D2D2D2D0D0A0000007FB504462A
:101350000D468948007800F0010028B986480078D9
:10136000C0F3C000002870D084480078A04203D1A8
:1013700083480078A842F6D082484078C0F38000C5
:1013800088B106F0F1FB0A2190FBF1F67EA040F255
:10139000D441844B84A2CDE90106009189A10120AA
:1013A00003F0E2FA91E077484078C0F3C00088B1DA
:1013B00006F0DAFB0A2190FBF1F684A040F2D64158
:1013C000784B79A2CDE9010600917EA1012003F0BE
:1013D000CBFA7AE06B48407800F0010078B16948B8
:1013E000B0F9110080A14FF49B626E4BCDE9002152
:1013F00002906DA273A1012003F0B6FA65E0614886
:101400004078C0F3400078B15E48B0F913007DA188
:1014100040F2DA42634BCDE90021029062A269A159
:10142000012003F0A1FA50E056484078C0F30010C4
:1014300060B17BA040F2DC415A4B5BA2CDE90010C9
:1014400060A1012003F090FA3FE042E04D4840786F
:10145000C0F3401058B177A040F2DE41514B52A288
:10146000CDE9001057A1012003F07EFA2DE0454898
:101470004078C0F3C01058B173A04FF49C61494B41
:1014800049A2CDE900104FA1022003F06DFA1CE043
:101490003C484078C0F3801058B175A040F2E2415A
:1014A000404B41A2CDE9001046A1022003F05CFAB6
:1014B0000BE078A040F2E4413A4B3BA201AE31C6CA
:1014C000009140A1012003F04FFA2C4804702C48F1
:1014D0000570002C16DD55B12A48B0F80100611ED8
:1014E00001228A4010432749A1F801000EE0254857
:1014F000B0F80100611E01228A4090432149A1F801
:10150000010003E000201F49A1F801001D48B0F8C8
:10151000010088B11B484078C0F3C00020B91948C9
:101520004078C0F3401020B30023224604216148D4
:10153000006801F0DDFA1CE012480078042818D198
:1015400001210620FFF7DAFD0B48007800F00100CA
:1015500020B909480078C0F3C00050B156A040F24D
:101560000351104B10A2CDE9001016A1032003F087
:10157000FBF9002004B070BD3401002023010020DD
:101580002401002088990020625379735461736BA1
:101590003ACAE4C8EBB9FDD1B920B5E7D1B93D25C8
:1015A000645600006CFE01084170706C69636174E0
:1015B000696F6E5C5379735C7379735F7461736B7D
:1015C0002E6300004E4F5F54414700006253797311
:1015D0005461736B3ACAE4C8EBC7B7D1B920B5E719
:1015E000D1B93D2564560000625379735461736B21
:1015F0003ACFB5CDB3B9FDCEC2202564C9E3CACF79
:10160000B6C80000625379735461736B3ACFB5CD9D
:10161000B3B5CDCEC22C2564C9E3CACFB6C800008D
:10162000625379735461736B3ACFB5CDB3B9FDD4BE
:10163000D8000000625379735461736B3A534F437F
:10164000203D203025000000625379735461736B94
:101650003AC6F4B6AFC8CECEF1B5C8B4FDB3ACCA85
:10166000B12CBFAACABCB9D8B1D5CFB5CDB3000093
:10167000625379735461736B3AB9D8B1D5CFB5CD94
:10168000B3C8CECEF1B5C8B4FDB3ACCAB12CCDCB86
:10169000B3F60000625379735461736B3ACFB5CDE2
:1016A000B3B4EDCEF320B4FAC2EB256420C0E0D091
:1016B000CD25640028010020625379735461736B57
:1016C0003AC7E5B3FDB4EDCEF32CD6D8D0C2BDF801
:1016D000C8EBB9A4D7F7D7B4CCAC000070B50546B9
:1016E0000C4635B1012D1ED0022D36D0032D7DD1F3
:1016F0004DE05048C07800F00100A04212D04E48A2
:10170000007800F0010038B14A48C07800F00102CA
:1017100021464AA006F0CCF94648C07864F30000A0
:101720004449C87083E04348C078C0F34000A042F9
:1017300012D04148007800F0010038B13D48C0782F
:10174000C0F34002214649A006F0B2F93948C078FA
:1017500064F341003749C87069E03648C078C0F387
:101760008000A04212D03448007800F0010038B167
:101770003048C078C0F38002214648A006F098F9AE
:101780002C48C07864F382002A49C8704FE0294889
:10179000C07800F00100A04212D02748007800F085
:1017A000010038B12348C07800F00102214623A08F
:1017B00006F07EF91F48C07864F300001D49C87028
:1017C0001C48C078C0F34000A04214D01A480078EA
:1017D00000F0010038B11748C078C0F3400221463C
:1017E00022A006F065F91348C07800E01DE064F31C
:1017F00041001049C8700F48C078C0F38000A04273
:1018000012D00D48007800F0010038B10948C078C6
:10181000C0F38002214621A006F04AF90548C078AD
:1018200064F382000349C87001E0002070BD00BF6E
:101830000120FBE78899002034010020625379736E
:101840005461736B3AC9E8D6C3B3E4B5E7D0EDBFD2
:10185000C93A20C9E8D6C33D256420B5B1C7B0D781
:10186000B4CCAC3D2564200D0A00000062537973AE
:101870005461736B3AC9E8D6C3B7C5B5E7D0EDBFBD
:10188000C93A20C9E8D6C33D256420B5B1C7B0D751
:10189000B4CCAC3D2564200D0A000000625379737E
:1018A0005461736B3AC9E8D6C3C7BFD6C6B9D8BBB3
:1018B000FA3A20C9E8D6C33D256420B5B1C7B0D7F0
:1018C000B4CCAC3D2564200D0A00000002460AB9E4
:1018D0000020704721B1012908D002291ED10EE055
:1018E000022050720020A2F80F0018E0B2F8130096
:1018F0004FF4FA6393FBF0F0A2F80F000FE00F3201
:1019000090884FF47A7393FBF0F01080908842F245
:10191000107393FBF0F050800F3A00E000BF00BF5F
:1019200051750120D5E7000010B5032200210120E8
:101930000CF005FD0C49086000231A4619460A48B8
:1019400000680CF09DFD094804F059FD0848006846
:101950000849086009F0FAFE0748808820F0100066
:1019600010300549888010BD40010020A899002052
:10197000480100203C010020889900203EB5044623
:101980000020A072607020812081E08004F11700A7
:1019900004F0A3FC6449088008460088032190FBFA
:1019A000F1F201FB1200002820D05F4800880028D7
:1019B0001CD05E48007800F0010020B95B48007838
:1019C000C0F3C00060B15848008859A14522614B5E
:1019D000CDE90021029060A268A1012002F0C4FFBD
:1019E00004F1170004F00BFD00203EBD65480079AE
:1019F00000F0010020B9012020700020608024E068
:101A00004948008860B10122214604F1170004F022
:101A100089FC0222A11C04F1170004F083FC14E0ED
:101A200058480078062804D10720207000206080E4
:101A30000BE054480078042803D120700020608017
:101A400003E003202070002060802078082859D20D
:101A5000DFE800F05904101C2834404C334800786B
:101A600000F0010010B148A006F022F85048C4F878
:101A70000F0055E02D48007800F0010010B14DA096
:101A800006F016F85348C4F80F0049E027480078DC
:101A900000F0010010B150A006F00AF85748C4F851
:101AA0000F003DE02148007800F0010010B154A083
:101AB00005F0FEFF5A48C4F80F0031E01B480078DB
:101AC00000F0010010B157A005F0F2FF5D48C4F826
:101AD0000F0025E01548007800F0010010B15AA071
:101AE00005F0E6FF6048C4F80F0019E00F480078E1
:101AF00000F0010010B15DA005F0DAFF6348C4F802
:101B00000F000DE000BF0020C4F80F006080074800
:101B1000007800F0010010B15DA005F0C9FF00BF22
:101B200000BF012061E700002C01002034010020EB
:101B3000625379735461736B3AC8CECEF1B6D3C198
:101B4000D0B3A4B6C8D2ECB3A320B3A4B6C825645E
:101B5000000000008BFE01084170706C69636174C5
:101B6000696F6E5C5379735C7379735F71756575BA
:101B7000655F7461736B2E63000000004E4F5F540D
:101B800041470000889900200D0A20625379735460
:101B900061736B3A2D2D2D2DD7B0D4D8B3F5CABCB7
:101BA000BBAFC8CECEF12D2D2D2D200D0A0000008B
:101BB00061DA0108625379735461736B3A2D2D2DEC
:101BC0002DD7B0D4D8B9D8B1D5C8CECEF12D2D2DC2
:101BD0002D0D0A00A9D60108625379735461736B05
:101BE0003A2D2D2D2DD7B0D4D8B9D8B1D5CDEAB353
:101BF000C9C8CECEF12D2D2D2D0D0A00B5DF01085F
:101C0000625379735461736B3A2D2D2D2DD7B0D457
:101C1000D8B4EDCEF3C8CECEF12D2D2D2D0D0A006A
:101C2000B1D80108625379735461736B3A2D2D2D2D
:101C30002DD7B0D4D8D6D8D6C3C8CECEF12D2D2D21
:101C40002D0D0A0029DE0108625379735461736B0C
:101C50003A2D2D2D2DD7B0D4D8C6F4B6AFC8CECEE0
:101C6000F12D2D2D2D0D0A0091D5010862537973A8
:101C70005461736B3A2D2D2D2DD7B0D4D8B9A4D77C
:101C8000F7C8CECEF12D2D2D2D0D0A00A1E00108B3
:101C9000625379735461736B3A2D2D2D2DD7B0D4C7
:101CA000D8BFD5C8CECEF12D2D2D2D0D0A000000A8
:101CB00038B504460020009004B938BD0020A07259
:101CC0006070A0802081E08004F1170004F005FB23
:101CD00080B20090BDF80000032190FBF1F201FBFF
:101CE000120040B1BDF8000028B104F1170004F063
:101CF00086FB0020E1E7BDF8000060B1012221462B
:101D000004F1170004F00EFB0222A11C04F11700DD
:101D100004F008FB03E001202070002060802078A0
:101D200098B1012804D0022806D003280CD107E07E
:101D30000A48C4F80F000DE00948C4F80F0009E094
:101D40000848C4F80F0005E000BF0020C4F80F00E9
:101D5000608000BF00BF0120AFE70000D1D00108C4
:101D600039D10108E3D101083EB504460020A07234
:101D7000607020812081E08004F1170004F0ADFA4A
:101D80005549088008460088032190FBF1F201FBC9
:101D90001200002820D05048008800281CD04F484E
:101DA0000078C0F3401020B94C480078C0F3C00060
:101DB00060B1494800884AA14622524BCDE9002132
:101DC000029051A25BA1012002F0CEFD04F11700A8
:101DD00004F015FB00203EBD58488088C0F38030D9
:101DE00020B9012020700020608012E03A4800886D
:101DF00060B10122214604F1170004F093FA022297
:101E0000A11C04F1170004F08DFA02E000202070FC
:101E10006080207807284DD2DFE800F04D04101CC8
:101E2000283440002D480078C0F3401010B144A081
:101E300005F03EFE4D48C4F80F0049E02748007801
:101E4000C0F3401010B14AA005F032FE5248C4F869
:101E50000F003DE021480078C0F3401010B14FA0C2
:101E600005F026FE5848C4F80F0031E01B48007802
:101E7000C0F3401010B155A005F01AFE5D48C4F83B
:101E80000F0025E015480078C0F3401010B15AA0AB
:101E900005F00EFE6248C4F80F0019E00F48007804
:101EA000C0F3401010B15FA005F002FE6748C4F80F
:101EB0000F000DE000BF0020C4F80F00608007484D
:101EC0000078C0F3401010B161A005F0F1FD00BF33
:101ED00000BF01207FE70000C4060020340100207D
:101EE00062446973705461736B3AC8CECEF1B6D355
:101EF000C1D0B3A4B6C8D2ECB3A320B3A4B6C8254E
:101F00006400000020FF0108486172647761726517
:101F10005C4D445F446973706C61795C6D645F64AF
:101F20006973706C61795F71756575655F746173F4
:101F30006B2E63004E4F5F5441470000889900208C
:101F40000D0A2062446973705461736B3A2D2D2D14
:101F50002DD7B0D4D8B3F5CABCBBAFCFD4CABEC896
:101F6000CECEF12D2D2D2D200D0A000099C4010893
:101F700062446973705461736B3A2D2D2D2DD7B067
:101F8000D4D8B9D8B1D5D6D0CFD4CABEC8CECEF168
:101F90002D2D2D2D0D0A0000EDC30108624469733B
:101FA000705461736B3A2D2D2D2DD7B0D4D8B9D87C
:101FB000B1D5CDEAB3C9CFD4CABEC8CECEF12D2D8E
:101FC0002D2D0D0A0000000001C50108624469734F
:101FD000705461736B3A2D2D2D2DD7B0D4D8B4ED3C
:101FE000CEF3CFD4CABEC8CECEF12D2D2D2D0D0AE5
:101FF000000000003DC401086244697370546173BD
:102000006B3A2D2D2D2DD7B0D4D8C6F4B6AFCFD482
:10201000CABEC8CECEF12D2D2D2D0D0A0000000018
:1020200075C3010862446973705461736B3A2D2D56
:102030002D2DD7B0D4D8B9A4D7F7CFD4CABEC8CE27
:10204000CEF12D2D2D2D0D0A0000000065C50108D3
:1020500062446973705461736B3A2D2D2D2DD7B086
:10206000D4D8BFD5C8CECEF12D2D2D2D0D0A000010
:1020700010B50F48006808B9002010BD1F210D4899
:10208000FBF788F919200B49A1F81100A1F81300FA
:102090000949B1F87500FFF725F800210120FFF785
:1020A0002DF803480068054908600120E5E70000B5
:1020B0002801002088990020A49800201801002001
:1020C000F8B506460C4615461248006800B9F8BD3A
:1020D0001148007890B930B2104908801048048047
:1020E0001048058001200C49087000200223024698
:1020F00001460090074800680CF0C4FD0748B0F99D
:102100000000032803DB00210120FEF743FB00BF92
:10211000DDE70000900200209A02002094020020D7
:10212000960200209802002070B50024334D284606
:1021300000F0B2F944B2002C0BDA31480078C0F359
:10214000400018B121462FA005F0B2FC4FF0FF303F
:1021500070BD3548B0F860004AF6AA21884212D115
:1021600027480078C0F3400020B10AF0F1FE2FA00C
:1021700005F09EFC3548808820F02000203033494F
:1021800088800120E4E7284600F048FA0446002C45
:102190000BDC1B480078C0F3400018B121462CA08E
:1021A00005F086FC6FF00100D2E74AF6AA201E492E
:1021B000A1F86000284600F0B5FA44B2002C0BDC10
:1021C0000F480078C0F3400018B1214629A005F05F
:1021D0006FFC6FF00200BBE709480078C0F34000D5
:1021E00020B10AF0B5FE2CA005F062FC17488088EB
:1021F00020F02000154988800220A9E72DFE010863
:102200003401002062417070496E666F3A4150504F
:10221000B2CECAFDB6C1C8A1CAA7B0DC20B4FAC20A
:10222000EB25640D0A000000A49800206241707044
:10223000496E666F3A415050B2CECAFDB2BBD0E88B
:10224000D2AAD6D8D6C30D0A000000008899002073
:1022500062417070496E666F3A415050B2CECAFD0D
:10226000B3F5CABCBBAFCAA7B0DC20B4FAC2EB2539
:10227000640D0A0062417070496E666F3A415050B9
:10228000B2CECAFDB8FCD0C2CAA7B0DC20B4FAC234
:10229000EB25640D0A00000062417070496E666FA4
:1022A0003A415050B2CECAFDD6D8D6C3B3C9B9A6AA
:1022B0000D0A000070B5064616B94FF0FF3070BD2C
:1022C0000024002523493046FBF794F8D0B9602458
:1022D000002322462049214802F040F90546A54244
:1022E00002D06FF00100EAE70824002322461A49D1
:1022F00060311B4802F032F90546A54222D06FF04A
:102300000200DCE715493046FBF774F840B9602459
:10231000002322461049304602F020F9054611E01C
:102320000F493046FBF766F848B9082400232246D7
:1023300009496031304602F011F9054602E06FF0BC
:102340006200BCE7A54202D06FF02700B7E701208A
:10235000B5E70000E4FD010820990020F2FD010826
:10236000FFFD010810B500241648FFF7A3FF44B293
:10237000002C0BDC14480078C0F3400018B1214653
:1023800012A005F095FB4FF0FF3010BD0221184858
:1023900080F86410002180F86510164800F03EF8BF
:1023A00044B2002C0BDC08480078C0F3400018B1A0
:1023B000214611A005F07CFB6FF00100E5E701204C
:1023C000E3E70000E4FD0108340100206241707081
:1023D000496E666F3A424F4F54B2CECAFDB6C1C87D
:1023E000A1CAA7B0DC20B4FAC2EB25640D0A000034
:1023F00020990020FFFD010862417070496E666FF0
:102400003A424F4F54B2CECAFDB8FCD0C2CAA7B0B0
:10241000DC20B4FAC2EB25640D0A000070B5044656
:1024200014B94FF0FF3070BD002517492046FAF768
:10243000E1FF20B902F02CF818B3A81EF3E7134906
:102440002046FAF7D7FF48B960252A4610492046AA
:1024500002F0ACF9A8B16FF00900E4E70D4920469D
:10246000FAF7C8FF50B908252A46094960312046C5
:1024700002F09CF928B16FF00A00D4E76FF0620017
:10248000D1E70120CFE70000E4FD0108F2FD0108DB
:1024900020990020FFFD010870B5064616B94FF0DF
:1024A000FF3070BD0025002455493046FAF7A2FFE1
:1024B000A8BB602500232A465249534802F04EF833
:1024C0000446AC4202D06FF00100EAE70E2500237B
:1024D0002A464C4960314D4802F040F80446AC426F
:1024E00002D06FF00200DCE7042500232A464549AC
:1024F0006E31474802F032F80446AC4201D06842DF
:10250000CFE7072500232A463E497231414802F0B1
:1025100025F80446AC426BD06FF00900C1E7FFE735
:1025200039493046FAF766FF40B9602500232A464C
:102530003449304602F012F8044659E03349304637
:10254000FAF758FF48B90E2500232A462D49603175
:10255000304602F003F804464AE02F493046FAF7C5
:1025600049FF00BB602500232A462649264801F082
:10257000F5FF0446AC4208D024B900202149A1F857
:1025800060008EE76FF013008BE70E2500232A46CC
:102590001C4960311D4801F0E1FF0446AC4227D0E0
:1025A0006FF014007DE71A493046FAF723FF58B957
:1025B000042500232A4613496E31304601F0CEFF30
:1025C0000446ACB900206CE712493046FAF712FF16
:1025D00058B9072500232A460A497231304601F0CE
:1025E000BDFF044624B900205BE76FF0620058E7A6
:1025F000AC4202D06FF0270053E7012051E7000002
:102600000AFE0108A498002017FE010823FE010815
:102610003DFE010843FE01082DFE010810B50446E9
:1026200014B94FF0FF3010BD35492046FAF7E2FEED
:10263000C0B9602233493448FAF785FE0020324998
:10264000A1F86000881C31490A6802664A6842663F
:10265000896881666C30FDF701FF2B487230FEF708
:10266000ADFC4AE02A492046FAF7C4FE28B96022A8
:1026700024492548FAF767FE3FE026492046FAF745
:10268000B9FE60B900202049A1F86000881C1F49EC
:102690000A6802664A684266896881662DE01E49BA
:1026A0002046FAF7A7FE88B9602216491648FAF7BD
:1026B0004AFE00201449A1F86000881C13490A68EA
:1026C00002664A6842668968816616E013492046B8
:1026D000FAF790FE20B90C486E30FDF7BFFE0CE013
:1026E0000F492046FAF786FE20B907487230FEF7F8
:1026F00065FC02E06FF0620095E7012093E70000BF
:102700000AFE010800D80008A4980020E8F7FF1F7F
:1027100017FE010823FE01082DFE01083DFE0108F9
:1027200043FE010870B5044614B94FF0FF3070BD88
:10273000002548492046FAF75DFE50BB60252A4631
:102740004549464802F032F810B16FF00100EEE75B
:102750000E252A4640496031414802F027F810B161
:102760006FF00200E3E704252A463B496E313D48FD
:1027700002F01CF808B16842D9E707252A46364915
:102780007231394802F012F8002860D06FF0090069
:10279000CDE732492046FAF72DFE50B960252A468A
:1027A0002D49204602F002F8002850D06FF01300A7
:1027B000BDE72B492046FAF71DFE50B90E252A46E3
:1027C00025496031204601F0F1FFE0B36FF01400BD
:1027D000ADE726492046FAF70DFEA0B960252A4646
:1027E0001D491E4801F0E2FF10B16FF015009EE791
:1027F0000E252A4618496031194801F0D7FF10B359
:102800006FF0160093E717492046FAF7F3FD50B929
:1028100004252A4610496E31204601F0C7FF90B1C9
:102820006FF0170083E710492046FAF7E3FD58B927
:1028300007252A4608497231204601F0B7FF10B13A
:102840006FF01D0073E702E06FF062006FE7012098
:102850006DE700000AFE0108A498002017FE010899
:1028600023FE01083DFE010843FE01082DFE01087C
:102870007CB5044600254FF40070019000200090C4
:102880000CB9801E7CBD04F1160003F026FD617AB0
:1028900088427FD3607D20B1012855D0022873D1B2
:1028A0006CE00222694604F1160003F03BFD43E0B0
:1028B0009DF800002178884222D19DF801006178BE
:1028C000884207D09DF80100EF2803D09DF8010051
:1028D000EE2815D101220DF1020104F1160003F0DA
:1028E00021FD9DF80200032802DA4FF0FF30C9E70E
:1028F0009DF80200607201212046FEF7E7FF1CE010
:1029000004F1160003F0E9FC00B916E09DF801009F
:102910008DF8000001220DF1010104F1160003F011
:1029200001FDBDF80400401E80B20190BDF8040016
:1029300010B96FF00200A5E7BAE700BF607D10B9DB
:102940006FF003009EE700BF04F1160003F0C5FC22
:10295000617A884210D3607AA070204600F018FB9C
:10296000002802DC6FF001008CE702212046FEF710
:10297000ADFF02E00EE007E00BE000BF0125002103
:102980002046FEF7A3FF04E000212046FEF79EFF4D
:1029900000BF00BF284675E72DE9F04104460F4609
:1029A00016461D464FF00108FA2D03DD4FF0FF30AB
:1029B000BDE8F08114B96FF00100F9E708F0D6FD29
:1029C000B8F1000F1BDD2078E07061782171E81C00
:1029D0006071A7710021E17136B12DB12A463146EF
:1029E00004F10800FAF7AFFCA81DA0706079411E41
:1029F000A01D06F0B3FBA178491EE21C505408F05C
:102A0000DFFD4046D4E72DE9F04704460D46164663
:102A10001F464FF00109062D03DA4FF0FF30BDE8E5
:102A2000F08708F0A3FD05F12E08404604F00AFDEA
:102A30002060284604F006FD2168C1F803002068E4
:102A400020B32068D0F8030000B3AA2021680870E2
:102A5000206846702068A0F8137000202168A1F853
:102A60000F002168A1F81100226802F12E0102F185
:102A700016002A4603F048FC216801F1160003F015
:102A8000BEFC00212068FEF721FF09E02168D1F893
:102A9000030008F0B3FD206808F0B0FD6FF00109F5
:102AA00008F08EFD4846BAE72DE9F04104460D4690
:102AB00016464FF00108062D03DA4FF0FF30BDE84F
:102AC000F08108F053FDEF1C384604F0BBFC206099
:102AD000AA202168087020684670206820B9206804
:102AE00008F08CFD6FF0010808F06AFD4046E6E74B
:102AF000FFB583B004460F461E460020029014B96D
:102B0000801E07B0F0BD2078B84206D16088BDF8BD
:102B10001410884201D10020F3E708F027FD5EB1D0
:102B200004F1170003F06BFCD4F8130020B1D4F8C3
:102B300013200021204690478DF80870BDF814003E
:102B4000ADF8090004F1170003F0C7FB85B275B3B7
:102B5000032095FBF0F100FB115040B104F1170088
:102B600003F04DFC08F02CFD6FF00200C9E7032DC7
:102B70000EDD01A8EB1E032202A9009004F117004C
:102B800003F036FB002813DD08F01AFD0020B8E73B
:102B900001A80023032202A9009004F1170003F00A
:102BA00027FB002804DD08F00BFD0020A9E700E06A
:102BB00000BF032202A904F1170003F034FC0EB990
:102BC000207848B9D4F8130020B1D4F8132001219B
:102BD000204690470120A07208F0F2FCD4F81300C0
:102BE00020B1D4F813200221204690470EB10220D4
:102BF00087E7012085E770B504460D4600260CB92D
:102C0000701E70BD08F0B2FC0020A080E080FD2D99
:102C100004D0FE2D11D0FF2D1ED11AE0D4F81300E0
:102C200020B1D4F81320FD21204690476078002879
:102C300002DD6078401E607018E0D4F8130020B107
:102C4000D4F81320FE21204690476078401C607025
:102C50000CE0FF20607009E0D4F8130020B1D4F834
:102C600013200A2120469047657000BF00BF60789E
:102C7000FF280ADBD4F8130020B1D4F81320FF2179
:102C8000204690470120A072012608F099FC3046AA
:102C9000B7E72DE9F04704460D4616461F46DDF816
:102CA00020904FF0010A17B10DB1642D03DD4FF0F4
:102CB000FF30BDE8F08708F059FC472000EB4500E5
:102CC00000EB0608404604F0BDFB206020680028A9
:102CD0003DD0002021680870216848702168488034
:102CE000216888802168C880216808812068C0F830
:102CF0000B7000202168C1F80F002068C0F8139005
:102D00000020216888722168C1F817002168C1F885
:102D10002F006A00236803F1470103F1170003F055
:102D2000F3FA216801F1170003F069FBA6B12268EC
:102D3000473202EB4501226802F12F00324603F0D0
:102D4000E3FA216801F12F0003F059FB04E0206849
:102D500008F054FC6FF0010A08F032FC5046A8E776
:102D6000FEB505460E4614468DF8085096B1012E64
:102D700021D1FEF715F960B15CB94648007800F042
:102D8000010020B19DF8081043A004F091FE00203E
:102D9000FEBD14E0FEF7F6F860B15CB93D4800787E
:102DA00000F0010020B19DF8081047A004F080FE5B
:102DB0000020EDE72AE0FEF7E5F830B300BF012080
:102DC0008DF8090001210520FEF798F94A4800789E
:102DD000012808D1BDF808200023062147480068D3
:102DE000FFF786FE07E0BDF808202346062143488A
:102DF0000068FFF77DFE2748007800F001000028FA
:102E000040D03FA004F054FE3CE000BFFEF7B6F80F
:102E1000B0B1ACB90520FDF7E9FA1E48007800F022
:102E2000010050B13AA04FF48061414B41A2CDE97D
:102E3000001047A1022001F097FD6FF00100A7E705
:102E4000012C03D044480078012813D100208DF8CC
:102E50000900BDF808202346022128480068FFF732
:102E600047FE0C48007800F0010058B13BA004F088
:102E70001FFE07E00748007800F0010010B13BA0FA
:102E800004F016FE00210120FDF784FC00BF00BF06
:102E900001207DE734010020625379735461736B24
:102EA0003AB5B1C7B0D7B4CCACCEAAB9A4D7F72C39
:102EB000B2BBD4CAD0EDBFAABBFA2EB6D4CFF33A78
:102EC00025640D0A00000000625379735461736B2E
:102ED0003AB5B1C7B0D7B4CCACCEAAB9D8BBFA2CEE
:102EE000B2BBD4CAD0EDB9D8BBFA2EB6D4CFF33A20
:102EF00025640D0A000000008899002028010020A8
:102F0000625379735461736B3ABFAABBFA0D0A001E
:102F1000625379735461736B3AB2E5D7C5B3E4B5C4
:102F2000E7CFDF2CB2BBD4CAD0EDB9D8BBFA0000D2
:102F300060FE01084170706C69636174696F6E5C5A
:102F40005379735C7379735F7461736B2E630000E4
:102F50004E4F5F5441470000A8020020625379732E
:102F60005461736B3AB9D8BBFA0D0A006253797396
:102F70005461736B3AC6C1C4BBD0DDC3DF2CBFAA9A
:102F8000CABCBBBDD0D1C6C1C4BB0D0A0000000085
:102F900038B504460125A078032801DAA81E38BDFB
:102FA00014B1D4F8030010B96FF00100F7E708F08E
:102FB000DDFA002D30DDA278D4F8031004F11600FC
:102FC00003F0B0F9A278511ED4F8030006F0C6F859
:102FD0000090D4F80310A078401E085C9DF8001003
:102FE000884201D06FF00205002D14DDD4F80300F3
:102FF0000078E071D4F8030040782072A078C01EF9
:10300000A072A07A28B1D4F80300801CC4F80B0089
:1030100001E00020A07200BF08F0D2FA2846BEE707
:103020000A4800780D2803D000200949088070471D
:1030300007480088401C06490880084600880A287E
:1030400001DB002008800120F1E70000540100208E
:1030500056010020F0B585B006460F460024002535
:1030600016A00068049016A30FCB8DE80F00202552
:103070002C44611B88192A461549FAF764F903257F
:103080002C44611B88192A4604A9FAF75CF90F251C
:103090006019C4B2611B88192A466946FAF753F9C8
:1030A00003256019C4B2611B88192A4604A9FAF7DE
:1030B0004AF93C70012005B0F0BD00000D0A000087
:1030C0004C6974655F5665725F315F305F30000038
:1030D000A49800202DE9F04104460D46164600272D
:1030E0000E48006810B90020BDE8F08133462A463A
:1030F00021460A480068FFF74FFC0746002F0BDD0A
:1031000006480068827805480168C91C044803F035
:103110008AF9FDF713FEE7E73846E5E74C010020A2
:10312000A899002010B504460CB9632010BDE079C1
:1031300030490870E079132839D010DC0B282AD0E8
:1031400006DC01281CD007281FD009284ED11FE01B
:103150000D2823D00F2824D0112847D124E082281D
:1031600034D006DC402825D0442827D080283DD103
:1031700028E084282ED0862830D0882836D131E027
:10318000D4F80B0000F056F831E000F085F82EE09E
:1031900000F0AAF82BE000F0A9F828E000F0A8F869
:1031A00025E000F0A7F822E000F0A6F81FE000F00C
:1031B000A5F81CE0204600F0D1F818E0204600F009
:1031C000ECF814E0204600F0FBF810E0204600F098
:1031D00011F90CE0204600F025F908E0204600F047
:1031E0004BF904E0204600F06FF900E000BF00BF9B
:1031F00000209BE754010020014621B10A480079D4
:10320000C0F3001010B94FF0FF3070470748006856
:1032100010B96FF00200F8E70548006810B96FF0C8
:103220000300F2E70120F0E788990020A899002028
:103230005801002010B504462078A8B9607828B954
:10324000002211461046FFF78BFD07E06078012849
:1032500004D1002201211046FFF782FD02222146FF
:103260001046FFF737FF15E02078022812D160786A
:1032700018B90020FDF782FC07E06078012804D12E
:10328000FDF77CFC08B90020607002222146104640
:10329000FFF720FF012010BD10B586B0142101A852
:1032A000FAF778F800240E4800788DF804000C48EE
:1032B000C07800F001008DF809000948C078C0F31B
:1032C00040008DF80A000748C07B8DF80C000E24E2
:1032D000224601A90820FFF7FDFE06B010BD000040
:1032E00088990020CCA00020002070470020704763
:1032F00000207047002070470020704710B58EB046
:10330000342101A8FAF746F800241F24322C02D9F0
:1033100000200EB010BD1F220E4901A8FAF713F8C5
:1033200004F10A00C4B2322C01D90020F1E7A4F163
:103330000A0001A90844084909680A6802604A6845
:10334000426009890181224601A91420FFF7C2FECB
:10335000DFE70000889900202801002038B50446E6
:10336000A07A032802D1D4F80B0008B9002038BD98
:10337000A27AD4F80B106846F9F7E5FF9DF8000033
:1033800028B19DF80000012801D00020EFE70322BA
:1033900069464120FFF79EFEE9E70146887A012849
:1033A00002D1D1F80B0010B94FF0FF307047012067
:1033B000FCE701B5022269464520FFF78BFE08BDF8
:1033C00070B50446D4F80B000578A07A032802D122
:1033D000D4F80B0008B9002070BD012D02D00DB14A
:1033E0000020F9E71DB9204600F07FF800BF00BFBC
:1033F0000120F1E738B5044600200090A07A792832
:1034000008D0FF200090012269468320FFF762FE6A
:10341000012038BD00200090012269468320FFF77B
:1034200059FEF6E7F8B50446002000900525D4F8CB
:103430000B000678A07AA84203D116B9D4F80B0085
:1034400048B9FF200090012269468520FFF742FE1F
:103450006FF00900F8BD6A1ED4F80B00411C054846
:10346000F9F771FF00200090012269468520FFF7DF
:1034700031FEEFE7340100207CB5044600200090C7
:1034800001900025D4F80B000678A07A012803D11A
:1034900016B9D4F80B0010B96FF009007CBD0125F6
:1034A0008DF800602D1D052D02D96FF00A00F5E79B
:1034B00004480068CDF80100052269468720FFF71F
:1034C00009FEEBE73401002001460020704770B58B
:1034D00005460C46B4F5807F01DD002070BDE2B2E8
:1034E00029468120FFF7F6FDF8E72DE9F041C2B04B
:1034F00004460025002600270020419080464FF416
:10350000807101A8F9F746FFD4F80B000578D4F8CC
:103510000B004678D4F80B008778A07A032802D1F4
:10352000D4F80B0018B9002042B0BDE8F0810DB10D
:103530000020F9E7D4F80B000188ADF8041080787A
:103540008DF8060096B9012F0ED1602041909DF8AC
:103550000401F52801DD0020E6E741A90DF107008F
:10356000FFF778FD08B90FE00EE000BF00BF9DF83F
:103570000401C01CC2B201A98120FFF7ABFD804647
:10358000B8F1000F02DC00BF0020CDE70120CBE73F
:1035900070B586B004460D461646607878B120783E
:1035A00003280CD1A17804F110020C4801F06AF84C
:1035B000204603F001F870B1012006B070BD2078FC
:1035C000012807D10523062201A9206B0AF0BAFDC4
:1035D0000120F2E700BF0020EFE70000BCFF010878
:1035E00070B504460D461646207838B1A0780328F9
:1035F00004D101200249087002F0C2FA002070BD17
:10360000950000202DE9F04104460D46174620782C
:1036100068B92E460748616801F034F83068401CEC
:1036200030604FF0FF31606802F02EFA00BF0020DA
:10363000BDE8F08178FF01082DE9FE4F0646884677
:1036400017463C480068029000253B4800680090FF
:10365000A9463A48007848B339480078E8B939486B
:10366000826928466D1C46F8202036484069441E71
:1036700035480068844210D33348006833490968EC
:103680000844A04209D3202D07D2454505D228463B
:103690006D1C46F820404FF001092D48007888B194
:1036A0006A4602A901A802F095FA0BE0F9F7B2FD0B
:1036B0008246F9F7ACFD824504D16A4602A901A809
:1036C00002F088FA1E48007800B1029F2AE03868AC
:1036D000041F04F0010000B923E03868441E1A48B2
:1036E0000068001D84421BD3174800681749096809
:1036F0000844A04214D3202D12D2201F00F0A5FBB5
:1037000070B145450CD2022D06D1B9F1000F03D09E
:103710007068A04200D104E028466D1C46F82040A5
:1037200000BF3F1D009902980844B842CFD82846F0
:10373000BDE8FE8FD4000020D8000020E500002066
:10374000E60000200C8D0020DC000020E0000020BE
:10375000E80000202DE9F04190B007460E463546BE
:103760002C4600200F9020227B4907A8F9F7EBFD9B
:103770007A48006806907A48006805907948007891
:1037800048B9794A79A17BA0FBF70AFC81A0FBF735
:1037900007FC00BFFEE78048007848B1724A7FA16D
:1037A00074A0FBF7FDFB7BA0FBF7FAFB00BFFEE775
:1037B0000120794908707CA0FBF7F2FB75A0FBF7AC
:1037C000EFFB00F039F9C7F380007849087008462C
:1037D0000078C8B102F0FAF910B102F0F7F900E090
:1037E00073A080467449886A4146FBF7D9FB69A0FB
:1037F000FBF7D6FBF9F70BFD0546044605AA06A91B
:103800000FA802F0E7F906E06B49C86AFBF7C8FBAE
:1038100060A0FBF7C5FB20352946384604F0C2FA04
:103820000546A08B00F4007000B12D1D069885425E
:1038300004D3DDE905100844A8420DD2DDE90510E6
:103840004318024629465D48FBF7AAFB51A0FBF747
:10385000A7FB01205A4908702A46DDE9051000F04F
:1038600019FD5549086BFBF79BFB4AA0FBF798FB3A
:1038700054492068086060684860A0688860E06813
:10388000C8602069086160694861A0698861E06971
:10389000C8610846C0684B4A0A999268099BCDE9FD
:1038A0000132CDE903104748406800904548089B25
:1038B000026845A00799FBF773FB36A0FBF770FB86
:1038C0004048C2693F490E9889690D9BCDE9013195
:1038D000CDE903023B48406900903A480C9B0269DD
:1038E00039A00B99FBF75CFB2AA0FBF759FB41A021
:1038F000FBF756FB27A0FBF753FB4E480068314906
:1039000008624C48001D007881F8240049481030B6
:10391000006888624748401D007881F82C004548BF
:103920001430006808634348801D00888886414839
:103930000830006888633F480C300088C8633D4801
:1039400018300088086401F017FD284603F006F8D7
:1039500010B0BDE8F081000080FD0108D400002017
:10396000D8000020E40000206AFD0108696E697437
:103970005F6F6B0028257329206861732061737362
:10398000657274206661696C6564206174202573BA
:103990002E0000000D0A0000E5000020216F6E5F80
:1039A0006661756C7400000000000000E8000020F3
:1039B0004E4F5F4E414D4500A4FC010854010208E2
:1039C000E60000200C8D0020202025733A202530B1
:1039D0003878202025733A20253038782020257328
:1039E0003A2025303878202025733A202530387841
:1039F000000000003D3D3D3D3D3D3D3D3D3D3D3DEB
:103A00003D3D3D3D3D3D3D3D3D3D3D3D3D3D3D3DE6
:103A10003D3D3D3D3D3D3D3D3D3D3D3D3D3D3D3DD6
:103A20003D3D3D3D3D3D3D3D3D3D3D3D3D3D3D3DC6
:103A30003D3D000024ED00E010B50549054B064A68
:103A400048680649FBF7ACFA05A0FBF7A9FA10BDD8
:103A5000A4FC0108CA8B0020A98B0020888B0020C1
:103A60000D0A000070B504460E4615462022214678
:103A70001648F9F7ACFC202231461548F9F7A7FCA7
:103A8000202229461348F9F7A2FC1348134908607D
:103A900013480968401A134908601348134908601D
:103AA00013480968401A134908600E48006838B97D
:103AB00011490868FBF774FA10A0FBF771FA70BDA2
:103AC00001200F49087000BFF9E70000888B002033
:103AD000A98B0020CA8B0020E0A40020D400002085
:103AE000E0A80020D800002000D00008DC00002062
:103AF0000C070208E0000020A4FC01080D0A0000E9
:103B0000E4000020024610680B68C01A70472DE9D7
:103B1000F04389B004460D460027A1461DE004F19C
:103B20002000A84202D24FF0200801E0A5EB0408D3
:103B3000424601A9204600F009FE00260AE0FF2FB8
:103B400005D001A8805DFF2801D104EB060901A87A
:103B5000875D761C4645F2D32034AC42DFD3FF2F7D
:103B600006D109F1030020F0030009B0BDE8F0839D
:103B70002846FAE72DE9F0478CB00646884691467C
:103B80009A4600240020019075694046F9F72BFC05
:103B9000202807D9202161A000F074FD04200CB07A
:103BA000BDE8F087FF22282102A8F9F7ECFB664860
:103BB00007904046F9F717FCC0B28DF82800CDF801
:103BC0002CA09DF82800C01C20F0030128310B9880
:103BD000C01C20F003000844089040F2DC710898F3
:103BE000884204D959A000F04DFD0620D7E7681C93
:103BF00038B93046089902F063FD0546401C00289C
:103C00007DD02CB901AA3046089905F095FB0446F1
:103C1000002C3ED1FF20009008220AA9002000F0CD
:103C2000DFFB09909DF828204146099800F0D8FB59
:103C300009909DF82800C01C20F003009DF8281072
:103C4000471A05E001226946099800F0C9FB09906E
:103C5000381EA7F10107F5D149460B9A099800F0E3
:103C6000BFFB09900B98C01C20F003000B99471A6A
:103C700005E001226946099800F0B2FB0990381E60
:103C8000A7F10107F5D102A928460AF043FA044634
:103C900000BF04BB9DF82820414605F12800FCF731
:103CA00005FB04469DF8040078B99DF82820D21C35
:103CB00022F0030305F1280213440B9AD21C22F0D0
:103CC00003029918706805F067FB9DF828102A46D2
:103CD000404605F0AFFA64B99DF82810C91C21F0E0
:103CE000030305F12801581849460B9AFCF7DEFA40
:103CF000044644B90223062202A9284600E00AE04D
:103D00000AF020FA04462CB99DF8040010B10120F5
:103D10001649087000E00624204640E74572726F9D
:103D2000723A2054686520454E56206E616D6520BC
:103D30006C656E677468206973206D6F726520749E
:103D400068616E2025640A004B5634304572726FEC
:103D5000723A2054686520454E562073697A652072
:103D6000697320746F6F206269670A0095000020F4
:103D70002DE9F04393B006460C46174600255CB982
:103D80006946304601F07CFC08B16C4603E0042033
:103D900013B0BDE8F08300BF57B9032306220EA974
:103DA000206B0AF0CFF9054601201D49087021E07B
:103DB000042306220EA9206B0AF0C4F90546184810
:103DC0000078A0B99DB956B13046F9F70CFB814691
:103DD0004FF0FF324946304605F02CFA07E034B187
:103DE000A1784FF0FF3204F1100005F023FA002013
:103DF0000B490870206B6FF30A0000F10C086DB9D5
:103E000004220EA9404603F03DFE012806D10223FC
:103E100004220EA940460AF095F905462846B7E760
:103E20009700002008B50021009108E045F6C05138
:103E3000009100BF00994A1E00920029FAD1011E8C
:103E4000A0F1010290B2F1D108BD01460B884A8869
:103E500002F47840B0F5784F06D103F47840B0F51D
:103E6000704F01D10120704702F47F40B0F58E4FB2
:103E700001D10120F7E70020F5E770B505460C46B3
:103E80002146284600F09EF908B900BFFEE704EB82
:103E90008400810005F10800405820F0010104EB86
:103EA0008400820005F10800815070BD70B50546A0
:103EB0000C462146284600F085F908B900BFFEE708
:103EC00004EB8400810005F10800405840F0010136
:103ED00004EB8400820005F10800815070BD70B5CC
:103EE00005460C462146284600F06CF908B900BF8B
:103EF000FEE704EB8400810005F10800405820F043
:103F0000200104EB8400820005F10800815070BD9F
:103F100070B505460C462146284600F053F908B90D
:103F200000BFFEE704EB8400810005F10800405863
:103F300040F0200104EB8400820005F1080081506C
:103F400070BD000000B587B00021144800F02CF8C7
:103F50001348009000208DF81800124802900120AC
:103F60008DF81900000201908000039000208DF868
:103F70001A000C2004904FF4005005906A4600216E
:103F8000064800F05DF800210448FFF7C1FF00215A
:103F90000248FFF78BFF07B000BD000000000240A1
:103FA0004C240140809F002070B504460D462946F0
:103FB000204600F007F908B900BFFEE705EB8500D1
:103FC000810004F10800405820F0010105EB850054
:103FD000820004F108008150002105EB8500820079
:103FE00004F10800815005EB8500820004F10C000B
:103FF000815005EB8500820004F11000815005EB33
:104000008500820004F1140081506068AA000F212D
:1040100091400843606070BD10B543688C0002FA9F
:1040200004F42343436010BD30B503461C688D0083
:1040300002FA05F52C400CB1012000E0002030BD53
:104040002DE9F04104460D4616462946204600F06B
:10405000B9F808B900BFFEE705EB8500820004F15E
:1040600010003168815005EB8500820004F11400D6
:10407000B1688150308A81B205EB8500820004F17D
:104080000C00815005EB8500810004F108004758C1
:1040900027F47C57F1687068084371690843074347
:1040A00005EB8500810004F108004750307E0128AF
:1040B0000ED105EB8500810004F10800405840F066
:1040C000400105EB8500820004F1080081500DE0FD
:1040D00005EB8500810004F10800405820F0400104
:1040E00005EB8500820004F108008150707E0128F4
:1040F0000ED105EB8500810004F10800405840F026
:10410000800105EB8500820004F1080081500DE07C
:1041100005EB8500810004F10800405820F0800183
:1041200005EB8500820004F108008150B07E70B973
:1041300005EB8500810004F10800405820F01001D3
:1041400005EB8500820004F1080081500DE005EBCD
:104150008500810004F10800405840F0100105EB93
:104160008500820004F108008150BDE8F08170B53F
:1041700006460C4615462146304600F023F808B99D
:1041800000BFFEE704EB8400810006F114004550F7
:1041900070BD70B505460C462146284600F012F861
:1041A00008B900BFFEE704EB8400810005F10800B8
:1041B000405820F4804104EB8400820005F108009F
:1041C000815070BD02460120034B9A4202D104295E
:1041D00000DD0020704700000004024008B900BF65
:1041E000FEE700210160416001768160C160417697
:1041F000016181764161704770B506460C461546EF
:1042000021463046FFF7DEFF08B900BFFEE7A9B23E
:1042100004EB8400820006F10C00815070BD70B583
:1042200092B004460D461646207880B3A078022846
:1042300002D0A07803282AD1616801F10C00032381
:10424000042201A909F07EFF4FF0FF30109010E02A
:1042500004A803F0E5FA9DF8110050B19DF8100094
:10426000022803D09DF81000032802D104A802F010
:10427000A3F904A9204601F0EBFD1090401C002892
:10428000E6D14FF0FF31606801F0FEFB00BF002077
:1042900012B070BD2DE9F04105460E4614461027B8
:1042A0001E480078D8B11E48007840B11D49886981
:1042B0002146FAF775FE1CA0FAF772FE07E01949CD
:1042C000C8692146FAF76CFE17A0FAF769FEAC42FE
:1042D00001D22C4603E0A819A04200D2AC19114922
:1042E0000869FAF75DFE10A0FAF75AFE09E02146C8
:1042F0000EA02268FAF754FE0BA0FAF751FE241D17
:104300007F1EA819A04201D9002FF0D10EA0FAF704
:1043100047FE05A0FAF744FEBDE8F081E600002064
:10432000E8000020A4FC01080D0A000020206164C0
:1043300064723A202530387820202020646174612E
:104340003A202530387800003D3D3D3D3D3D3D3D26
:104350003D3D3D3D3D3D3D3D3D3D3D3D3D3D3D3D8D
:104360003D3D3D3D3D3D3D3D3D3D3D3D0000000071
:104370001CB50020019000240D48007808B10020F1
:104380001CBD01A9684600F0C5F9044624B9DDE961
:10439000000100F03BF804461CB9012004490870F4
:1043A00003E004A105A000F06DF92046E8E7000055
:1043B00084000020342E312E393900004561737994
:1043C000466C6173682056257320697320696E6995
:1043D0007469616C697A65206661696C2E0A0000F7
:1043E00030B503460C46DB4308E014F8010B584097
:1043F000C0B2054D55F8200080EA1323101EA2F12B
:104400000102F2D1D84330BD20F601082DE9F04178
:1044100005460E4600270DB900BFFEE71548007897
:1044200010B10020BDE8F081002405E04FF0FF301E
:10443000114941F83400641C042CF7D3002406E031
:104440004FF0FF300D4901EBC4014860641C102C93
:10445000F6D30B480B4908600B4805600B48066013
:1044600000F0AAF8074617B901200249087038463B
:10447000D8E70000940000209C8000201C800020D1
:1044800000500308880000208C00002090000020CD
:10449000F0B587B000262E48006808B900BFFEE7D7
:1044A0002C48006808B900BFFEE700F001F92A486F
:1044B000056809E04FF0FF31284601F0E5FA0646AD
:1044C00006B13FE005F500652348006800F520507F
:1044D0008542EFD3002430E004EB44001C49096816
:1044E00001EB8000806850B904EB4401184A12685F
:1044F00002EB81014868F8F776FF074606E004EB17
:1045000044001349096801EB800087684FF0FF30D1
:10451000069004EB44000E4B1B6803EB80004268DE
:1045200004EB44000A4B1B6853F820103B4601A8DB
:10453000FFF720FB06B105E0641C064800688442D2
:10454000CAD300BF00F0C4F8304607B0F0BD000089
:104550008C00002090000020880000202DE9F04110
:1045600004460D4616461F464FF000080A480078DC
:1045700028B90AA000F086F80020BDE8F08100F01C
:1045800097F83B4632462946204601F063FB8046B9
:1045900000F09EF84046F0E794000020454E56207B
:1045A00069736E277420696E697469616C697A65D4
:1045B000204F4B2E0A00000010B598B000240020B8
:1045C000039001201A49087000201A49034603AAE3
:1045D000CDE90010014604A803F0CEFA039805289F
:1045E00004D115A000F04EF8FFF752FF00F060F87C
:1045F0000020214903460246CDE90010014604A8E7
:1046000003F0BAFA00BF1D4B002211460AA800F0C1
:1046100064FE1B48007810B101F0B2FAF3E7002005
:104620000349087000F054F8204618B010BD00008F
:1046300096000020053601085761726E696E673A70
:1046400020416C6C20736563746F722068656164CF
:10465000657220636865636B206661696C65642EB2
:104660002053657420697420746F206465666175D9
:104670006C742E0A00000000E13501089135010834
:10468000950000200FB408B503A800900648009AD2
:104690000299FAF7DDFC00200090034903A003F023
:1046A00007FA01B05DF814FB90810020257300002B
:1046B00010B50548006800B910BD044902480068FB
:1046C0000AF05AF900BFF7E7980000203689410048
:1046D00010B50648006800B910BD00231A461946F7
:1046E0000248006809F0CCFE00BFF5E79800002002
:1046F00070B504460D460026C4F30A0008B100BF99
:10470000FEE761192046FCF7A5F800B901263046FE
:1047100070BD000070B504460D460026012009F06A
:10472000FDFD074908600748FDF778FF002800DC19
:1047300007260548206004F075FE2860304670BDED
:10474000980000200AFE010848FE01082DE9F0410A
:1047500004460D461646002732462946204606F0F6
:10476000C7F93846BDE8F0812DE9F047074688468D
:1047700014464FF0000AA1464FEA890001F0E6FE18
:104780000646224641463046F8F7DDFD22464146C0
:104790003846FCF7EBF808B94FF0030A55463046A7
:1047A00001F0BAF92846BDE8F08700002DE9F04194
:1047B00004460D46164600270A48007828B90AA084
:1047C000FFF760FF0720BDE8F081FFF771FF324679
:1047D0002946204603F018FA0746FFF779FF3846C6
:1047E000F1E7000094000020454E562069736E27C3
:1047F0007420696E697469616C697A65204F4B2E0B
:104800000A00000070B586B00546002D1CD1264870
:104810000068002811D14FF4F070244924A229A384
:10482000CDE90310CDE9013200900B462EA237A14D
:10483000002000F099F800BFFEE74FF4F0721B492A
:104840001BA0194B1B68984700240526314890F897
:10485000F00010B9304606B070BD00F08FFA0024A9
:104860001BE004EB44112B483130084490F8200041
:10487000012810D104EB4412264831301044411C69
:104880001E222846F8F7D1FD28B904EB441121482F
:104890003130465C03E0601CC4B2052CE1DB00BF94
:1048A00000F0A0FA3046D6E7CC00002052FC010808
:1048B00074616720213D202828766F6964202A29A9
:1048C00030290000282573292068617320617373E3
:1048D000657274206661696C65642061742025735B
:1048E0003A256C642E0000004D6964646C65776144
:1048F0007265735C456173794C6F676765725C7351
:1049000072635C656C6F672E63000000656C6F6797
:10491000000000009086002010B50024114890F897
:10492000F000012801D1204610BD00F07FFA0446B6
:104930000CB12046F8E7012000F034FA00200949C4
:1049400081F8F30081F8F400012000F0F7FB052066
:1049500000F0A4FA00F004FB0120024981F8F00005
:104960002046E1E7908600200FB42DE9F04F8DB08E
:1049700005460F469846DDF868903846F8F733FD4F
:10498000824600244FF0020B00200B900C90079001
:10499000089009900A90052D1CDDCC48006800287D
:1049A00011D140F23E20CA49CAA2D1A3CDE90310D9
:1049B000CDE9013200900B46D6A2DFA10020FFF71F
:1049C000D3FF00BFFEE740F23E22C149C1A0BF4B6A
:1049D0001B689847DA4890F8F10020B90DB0BDE89F
:1049E000F00F5DF814FBD6480078A84204DB384687
:1049F000FFF708FFA84200DAF0E7D149491C384622
:104A0000F8F7D3FC00B9E9E71CA8069000F0B6F966
:104A1000CB4890F8F50078B1CA480119CAA22046DF
:104A200000F042FC0444C94850F82520C54801194B
:104A3000204600F039FC04440121284601F082F9A7
:104A400040B1C34850F82520BE480119204600F067
:104A50002BFC04440221284601F074F9E8B1B9485E
:104A600001193A46204600F01FFC0444BAF10F0F2A
:104A70000CD8CAF10F01202207A8F8F784FCB1482E
:104A8000011907AA204600F00FFC0444AD480119A3
:104A9000B0A2204600F008FC04441C21284601F086
:104AA00051F9002852D0A7480119ABA2204600F0C6
:104AB000FBFB04440421284601F044F9A8B100F0AE
:104AC000B3F905909F4801192046059A00F0ECFBC8
:104AD00004441821284601F035F930B199480119EC
:104AE0009CA2204600F0E0FB04440821284601F087
:104AF00029F9A8B100F08AF90590924801192046D9
:104B0000059A00F0D1FB04441021284601F01AF95F
:104B100030B18C4801198FA2204600F0C5FB044437
:104B20001021284601F00EF948B100F077F9059000
:104B3000844801192046059A00F0B6FB04448148D8
:104B4000011986A2204600F0AFFB0444202128462C
:104B5000189A01F061F960B942464021284601F0F7
:104B60005BF930B94A468021284601F063F90028F4
:104B700062D0744801197AA2204600F095FB0444E3
:104B800020212846189A01F047F908B36D48011909
:104B90002046189A00F088FB0444424640212846EB
:104BA00001F03AF938B1674801196EA2204600F0C9
:104BB0007BFB04440CE04A468021284601F03AF988
:104BC00030B16048011963A2204600F06DFB044437
:104BD0004A468021284601F02DF9C8B14B4662A211
:104BE00005210BA8FAF7ECF9564801190BAA204643
:104BF00000F05AFB044442464021284601F00CF9DB
:104C000030B15048011953A2204600F04DFB044436
:104C100042464021284601F0FFF830B149480119C9
:104C20004246204600F040FB0444464801194FA28A
:104C3000204600F039FB0444C4F58061414A101954
:104C4000069B1B9AFAF7EAF9064600200690A0197F
:104C5000B0F5806F03D8002E01DB344401E04FF43F
:104C60008064201D5844B0F5806F04D94FF48064EF
:104C7000241FA4EB0B04324890F8200058B1002008
:104C8000304908552E4920312E48F8F78EFB10B9CF
:104C900000F0A8F8A2E62A4890F8F50030B12948BB
:104CA000011933A2204600F0FFFA044425480119F7
:104CB00031A2204600F0F8FA04442146214800F0D1
:104CC000C1F800F08FF800BF88E60000CC0000209B
:104CD0006AFC01086C6576656C203C3D20454C4FB4
:104CE000475F4C564C5F564552424F5345000000BB
:104CF000282573292068617320617373657274209D
:104D00006661696C65642061742025733A256C6462
:104D10002E0000004D6964646C6577617265735C98
:104D2000456173794C6F676765725C7372635C652C
:104D30006C6F672E63000000656C6F6700000000F9
:104D400090860020888700201B5B0000B4000020B4
:104D50009C000020200000005B0000005D2000009F
:104D6000280000003A000000256C640029000000C3
:104D70001B5B306D000000000D0A000010B50848F4
:104D800090F8F20030B100F06BF80120044981F88E
:104D9000F40003E00120024981F8F30010BD000097
:104DA0009086002010B504460D4880F8F24090F837
:104DB000F200A0B10A4890F8F40030B9084890F821
:104DC000F30010B100F04CF809E0054890F8F40049
:104DD00028B1034890F8F30008B900F04FF810BD6F
:104DE0009086002010B5084890F8F20030B100F02D
:104DF00045F80020044981F8F40003E0002002494E
:104E000081F8F30010BD00009086002000A07047DC
:104E10007069643A313030380000000000A07047FB
:104E20007469643A323400000020704710B50024E1
:104E3000012009F073FA02490860204610BD000005
:104E4000D000002070B504460D462246294602A037
:104E500002F02EFE70BD0000252E2A730000000017
:104E600010B50548006800B910BD6421024800680B
:104E700009F082FD00BFF7E7D000002010B506481A
:104E8000006800B910BD00231A46194602480068A0
:104E900009F0F6FA00BFF5E7D000002010B586B0A3
:104EA0000446052C1CDD10480068002811D14FF481
:104EB000AD700E490EA215A3CDE90310CDE9013264
:104EC00000900B461AA223A10020FFF74DFD00BF62
:104ED000FEE74FF4AD72054905A0034B1B689847E8
:104EE0001E48047006B010BDCC00002026FC01084E
:104EF0006C6576656C203C3D20454C4F475F4C56B9
:104F00004C5F564552424F534500000028257329F7
:104F10002068617320617373657274206661696CC7
:104F200065642061742025733A256C642E000000AE
:104F30004D6964646C6577617265735C4561737912
:104F40004C6F676765725C7372635C656C6F672E2C
:104F500063000000656C6F67000000009086002011
:104F600010B5002400BF13E004EB44120A491144B9
:104F7000481C1F21F8F70EFA002104EB44120648E2
:104F8000815404EB4412104480F82010601CC4B219
:104F9000052CE9DB10BD0000C186002030B585B0CE
:104FA00004460D46052C1CDD10480068002811D170
:104FB0004FF4A0700E490FA215A3CDE90310CDE95F
:104FC000013200900B461BA223A10020FFF7CCFC6E
:104FD00000BFFEE74FF4A072054906A0034B1B6813
:104FE00098471F4840F8245005B030BDCC00002041
:104FF00009FC01086C6576656C203C3D20454C4FF2
:10500000475F4C564C5F564552424F534500000097
:105010002825732920686173206173736572742079
:105020006661696C65642061742025733A256C643F
:105030002E0000004D6964646C6577617265735C75
:10504000456173794C6F676765725C7372635C6509
:105050006C6F672E63000000656C6F6700000000D6
:105060006887002010B586B00446002C1ED0012CA5
:105070001CD011480068002811D140F215100F49CA
:105080000FA219A3CDE90310CDE9013200900B4620
:105090001EA227A10020FFF767FC00BFFEE740F239
:1050A0001512064906A0044B1B689847224880F851
:1050B000F14006B010BD0000CC000020D5FB010877
:1050C00028656E61626C6564203D3D2066616C738D
:1050D0006529207C7C2028656E61626C6564203DBA
:1050E0003D20747275652900282573292068617335
:1050F00020617373657274206661696C65642061F8
:10510000742025733A256C642E0000004D69646498
:105110006C6577617265735C456173794C6F676725
:1051200065725C7372635C656C6F672E6300000070
:10513000656C6F67000000009086002010B586B097
:105140000446002C1ED0012C1CD0114800680028F9
:1051500011D140F221100F490FA219A3CDE903107C
:10516000CDE9013200900B461EA227A10020FFF7D7
:10517000FBFB00BFFEE740F22112064906A0044BEC
:105180001B689847224880F8F54006B010BD000023
:10519000CC000020EDFB010828656E61626C65643F
:1051A000203D3D2066616C736529207C7C2028654C
:1051B0006E61626C6564203D3D20747275652900E6
:1051C00028257329206861732061737365727420C8
:1051D0006661696C65642061742025733A256C648E
:1051E0002E0000004D6964646C6577617265735CC4
:1051F000456173794C6F676765725C7372635C6558
:105200006C6F672E63000000656C6F670000000024
:10521000908600200EB50B4890F8F00000B90EBD46
:105220000120FFF71FFF08A009A1F622124BCDE9CC
:105230000021029011A21AA10320FFF795FB00BFE5
:10524000EDE7000090860020322E322E3939000022
:10525000456173794C6F67676572205625732069C5
:105260007320696E697469616C697A65207375630E
:10527000636573732E000000C0FB01084D69646410
:105280006C6577617265735C456173794C6F6767B4
:1052900065725C7372635C656C6F672E63000000FF
:1052A000656C6F670000000030B50346144601B11D
:1052B0000AB9002030BD0AE018465B1CB0F5806FCB
:1052C00004D212F8010B01F8010B00E002E01078A3
:1052D0000028F1D100BF101BECE72DE9F04186B0AA
:1052E00004460E4617461D464FF0FF30019028E059
:1052F00000226946404602F013FB00B121E005B9E7
:105300001FE09DF80100022803D09DF8010003284A
:1053100016D14FF0FF3020630AE0204602F080FAF9
:105320003A4631462046A84710B106B0BDE8F081A4
:105330002146684600F08CFD2063401C0028ECD11B
:1053400000BF684600F0BAFD8046401C0028CFD15F
:1053500000BFEAE7014908607047000014040140FB
:10536000014604480068084008B101207047002049
:10537000FCE700001404014010B5BE4890F8380066
:10538000C0F3400030B1BC49486BF9F709FEBBA03F
:10539000F9F706FEB748806BC0F3807000287DD017
:1053A000B44890F8240000285BD0B24890F824005C
:1053B00000F0010030B1B049886BF9F7F1FDAFA002
:1053C000F9F7EEFDAB4890F82400C0F3400030B18F
:1053D000A949C86BF9F7E4FDA8A0F9F7E1FDA548D4
:1053E00090F82400C0F3C00030B1A349086CF9F76D
:1053F000D7FDA2A0F9F7D4FD9E4890F82400C0F391
:10540000001030B19C49486CF9F7CAFD9BA0F9F730
:10541000C7FD984890F82400C0F3401030B1964979
:10542000886CF9F7BDFD95A0F9F7BAFD914890F8A1
:105430002400C009A8B18F4890F8240000F00100B2
:1054400028B98C4890F82400C0F3400048B1894A3C
:10545000916A894AD2F89000F9F7A2FD87A0F9F77E
:105460009FFD844890F82C00002864D0814890F873
:105470002C0000F0010030B17F49C86CF9F790FDB5
:105480007EA0F9F78DFD7B4890F82C00C0F340001A
:1054900040B17949086DF9F783FD00E09BE077A002
:1054A000F9F77EFD734890F82C00C0F3800030B10E
:1054B0007149486DF9F774FD70A0F9F771FD6D48F9
:1054C00090F82C00C0F3C00030B16B49886DF9F73B
:1054D00067FD6AA0F9F764FD664890F82C00C0F3F8
:1054E000001030B16449C86DF9F75AFD63A0F9F7AF
:1054F00057FD604890F82C00C0F3401030B15E4971
:10550000086EF9F74DFD5DA0F9F74AFD594890F88E
:105510002C00C00978B1574890F82C00C0F3400027
:1055200048B1544A116B544AD2F89400F9F738FD47
:1055300052A0F9F735FD4F48808E00284BD04D48DA
:1055400090F8340000F0010030B14B49486EF9F793
:1055500027FD4AA0F9F724FD464890F83400C0F32F
:10556000400030B14449886EF9F71AFD43A0F9F7BD
:1055700017FD404890F83400C0F3800030B13E4938
:10558000C86EF9F70DFD3DA0F9F70AFD394890F80E
:105590003400C0F3C00030B13749086FF9F700FD9F
:1055A00036A0F9F7FDFC3348808EC0F3002030B1FF
:1055B0003149486FF9F7F4FC30A0F9F7F1FC2D48B8
:1055C000808EC0F3402030B12B49886FF9F7E8FC9A
:1055D0002AA0F9F7E5FC2748806BC00F002848D0C7
:1055E0002448C06B002844D0224890F83C0000F0CA
:1055F000010030B12049C86FF9F7D2FC1FA0F9F7BC
:10560000CFFC1C4890F83C00C0F3400038B11A4968
:10561000D1F88000F9F7C4FC18A0F9F7C1FC1548CF
:1056200090F83C00C0F3800038B11349D1F88400F1
:10563000F9F7B6FC11A0F9F7B3FC0E4890F83C005E
:10564000C0F3C00038B10C49D1F88800F9F7A8FCC4
:105650000AA0F9F7A5FC074890F83C00C0F3001039
:1056600038B10549D1F88C00F9F79AFC03A0F9F795
:1056700097FC10BD0C8D0020A4FC01080D0A000051
:105680002DE9F04106460C4600253046F7F7ABFE03
:10569000074604F130023946304600F0FFFA28B1DF
:1056A000204602F0BDF80120BDE8F08121463046D9
:1056B00000F02CF8054625B139463046226B03F040
:1056C000B9FD2846F0E72DE9F04704460D46164699
:1056D0002F46B1463846F7F786FE8046A07840450B
:1056E00002D00020BDE8F087607868B120780228F9
:1056F0000AD14246394604F11000F7F796FE18B970
:10570000012089F80000EDE70020EBE738B50446FA
:105710000D4600200090044B6A4621462846FFF7BC
:10572000DCFD9DF8000038BDC75601082DE9F041A9
:105730008AB004460E462746E00AC00201A900F0DE
:10574000DDFB38B10198844204D14FF0FF300AB03C
:10575000BDE8F08126E0202202A92046FEF7F6FFF0
:10576000002519E002A8415D02AA681C105C01EB4B
:105770000021A81C105C01EB0041E81C105C01EB4F
:1057800000680B48804506D160191438B84202D32E
:1057900060191438DBE76D1C1C2D02D26019B04271
:1057A000E0D31C34B442D6D34FF0FF30CFE7000033
:1057B0004B56343000B50346012200BF00F00CF810
:1057C00002465B1E012A01D1002BF7D1012A00D12C
:1057D0000422104600BD000000200A49C96801F0FB
:1057E000010109B101200CE00649C96801F010016E
:1057F00009B1032005E00349C96801F0040101B1C2
:10580000022070470020024000B50346012200BF7D
:1058100000F00CF802465B1E012A01D1002BF7D1E3
:10582000012A00D10422104600BD000000200A49D0
:10583000C96C01F0010109B101200CE00649C96CF5
:1058400001F0100109B1032005E00349C96C01F022
:10585000040101B10220704700200240064A02EB19
:105860009011096800F01F0301229A401143024B76
:1058700003EB901211607047002002400848006955
:1058800040F080000649086106480088B0F5007FB6
:1058900004D90846006D40F080000865704700009C
:1058A00000200240E0F7FF1F30B50546334800886E
:1058B000B0F5007F44D9324885421CD23148FFF709
:1058C00079FF0446002C56D12F48006940F00200B1
:1058D0002D49086108464561006940F040000861B3
:1058E0002848FFF767FF04462748006920F00200B8
:1058F000254908613FE02348FFF786FF0446002C56
:1059000039D12148006D40F002001F490865084662
:105910004565C06900F0020008B1084645611A48B3
:10592000006D40F04000184908651648FFF76CFF0D
:1059300004461548006D20F00200134908651AE07E
:105940001048FFF737FF0446ACB90F48006940F034
:1059500002000D49086108464561006940F04000B9
:1059600008610848FFF726FF04460748006920F051
:10597000020005490861204630BD0000E0F7FF1F26
:10598000FFFF07080000FF0F002002400C480069DD
:1059900000F0800020B10B48094948600A4848607F
:1059A0000A480088B0F5007F09D90548006D00F06D
:1059B000800020B1034802494864034848647047A6
:1059C0000020024023016745AB89EFCDE0F7FF1FC0
:1059D00070B504460D46002627480088B0F5007FC4
:1059E00031D92648844217D22548FFF7E3FE064600
:1059F000002E3ED12348006940F001002149086192
:105A000025601F48FFF7D6FE06461E48006920F0B5
:105A100001001C4908612CE01948FFF7F5FE064615
:105A20003EBB1848006D40F001001649086525602E
:105A30001348FFF7E9FE06461248006D20F001000A
:105A40001049086515E00E48FFF7B4FE064686B912
:105A50000C48006940F001000A49086125600848C7
:105A6000FFF7A8FE06460748006920F00100054937
:105A70000861304670BD0000E0F7FF1FFFFF070818
:105A80000000FF0F0020024070B58AB004460D46AA
:105A90000026C4F30A0008B100BFFEE74FF400611E
:105AA0002046FEF725FE0646FEB9FF22242101A866
:105AB000F7F769FC0122042101A802F0EFF80122A6
:105AC000042104A802F0EAF80948079008954FF06D
:105AD000FF300990242201A92046FEF745FE064624
:105AE00004F50061204603F057FC30460AB070BD53
:105AF0004546343070B504460D46E1B2054804F021
:105B000043F800BF0721034804F08FF80028F9D0BC
:105B1000204670BD0038014010B5002821D0114B3F
:105B20000022001F196803E0814203D80A46496831
:105B30000029F9D152B11368841A9C4204D100683B
:105B400018441060104602E0506000E0186039B15F
:105B500002680B1A934203D10B681A440260496829
:105B6000416010BDE406002010B5034614460A4605
:105B7000187810B11068401C1060002010BD0000A3
:105B800000B589B0002002900D49034602AACDE974
:105B90000010012103A801F0EFFF0298012809D8A5
:105BA0000020084903460246CDE90010014603A83B
:105BB00001F0E2FF00200449087009B000BD0000B8
:105BC000695B01081F4201089500002010B506F02E
:105BD000D5F810BD70B506460C4615464CB90E4AB0
:105BE0000EA111A0F9F7DCF917A0F9F7D9F900BF58
:105BF000FEE74DB9084A15A10BA0F9F7D1F912A09B
:105C0000F9F7CEF900BFFEE706F0A4F9206006F030
:105C1000A7F98000286070BD3CFD010873746172B3
:105C2000745F6164647200002825732920686173C1
:105C300020617373657274206661696C65642061AC
:105C4000742025732E0000000D0A000073697A6528
:105C5000000000002DE9F0418EB080460E4615464A
:105C60001C46002769464046FFF70AFD78B10CB193
:105C7000039820600398A84201D2039F00E02F46BA
:105C800046B13A4631460D98FEF760FD02E00CB190
:105C90000020206038460EB0BDE8F0812DE9F041CB
:105CA00088B005460E461746324629460020FEF7C4
:105CB00097FB4FEA104800243EE0214800EBC40067
:105CC0004068401CA8B31E4830F83400404532D12B
:105CD0001B4901EBC401496801F1280020226946F3
:105CE000FEF734FD324669462846F7F79EFB08BBAF
:105CF000134800EBC40040683860114800EBC40052
:105D000040884FF6EF71884206DB4FF6FF700C4972
:105D100001EBC401488008E0094800EBC40040885A
:105D20001030074901EBC4014880012008B0BDE8EC
:105D3000F08100E000BF641C102CBED30020F5E70A
:105D40001C80002030B585B004460D46052C1CDDB6
:105D500013480068002811D140F2DF20114912A237
:105D600018A3CDE90310CDE9013200900B461EA225
:105D700026A10020FEF7F8FD00BFFEE740F2DF227B
:105D8000084909A0064B1B689847224850F8240090
:105D9000284010B1012005B030BD0020FBE7000015
:105DA000CC00002076FC01086C6576656C203C3DDB
:105DB00020454C4F475F4C564C5F564552424F531F
:105DC00045000000282573292068617320617373E2
:105DD000657274206661696C656420617420257346
:105DE0003A256C642E0000004D6964646C6577612F
:105DF0007265735C456173794C6F676765725C733C
:105E000072635C656C6F672E63000000656C6F6782
:105E1000000000006887002070B505460E46144655
:105E200034B131462846FFF78DFF08B1012070BD1F
:105E30000020FCE770B505460E46144634B13146E5
:105E40002846FFF77FFF08B1012070BD0020FCE766
:105E500070B505460C464FF0FF366878012801D131
:105E6000801E70BD206B401C18B9686800F12406C4
:105E700021E0216B686800F50060814218D86078E5
:105E800018B1A168206B461801E0206B061D6868F8
:105E900000F2DC713046FFF749FC0646686800F501
:105EA0000060B04201D3A06828B94FF0FF30D8E7B6
:105EB0004FF0FF30D5E73046D3E700000146486891
:105EC000401C10B90C4800687047C868401C18B9DD
:105ED000486800F5006203E04B68C86803EBC02225
:105EE0000548006800F52050824201D21046EBE7D9
:105EF0004FF0FF30E8E700008800002003460A4624
:105F000000210DE0084850F83100984207D122B135
:105F1000054800EBC1004068106001207047491C33
:105F20000429EFD30020F9E79C80002030B5024619
:105F30000023481E0146044606E0480102EBD0005B
:105F4000007800B904E05B1C081EA1F10101F4D146
:105F500000BFE01A30BD000010B540F2026001F051
:105F60002FFC01231A460021264800F051F8022395
:105F700001220021234800F04BF8042301220021D4
:105F8000204800F045F84023012200211D4800F080
:105F90003FF88023012200211A4800F039F840F22E
:105FA000036001F00DFC01231A460021164800F0A1
:105FB0002FF8022301220021134800F029F840F2B3
:105FC000046001F0FDFB01231A4600210F4800F098
:105FD0001FF80223012200210C4800F019F80823C1
:105FE00001220021094800F013F8102301220021AA
:105FF000064800F00DF8202301220021034800F09C
:1060000007F810BD00080140000C014000100140DD
:10601000F0B5044616460025002201F00F0501F0F8
:10602000100747B1042E05D145F00305E76B1F4368
:10603000E76300E0354300201EE0012787401F4052
:10604000C7B122684FEA800C0F2707FA0CF7BA4352
:10605000870005FA07F73A43282904D1012787402A
:106060001F40676105E0482903D1012787401F4091
:1060700027612260471CB8B20828DED3082022E03E
:10608000012787401F40E7B16268A0F108074FEA87
:10609000870C0F2707FA0CF7BA43A0F10807BF00D7
:1060A00005FA07F73A43282904D1012787401F4002
:1060B000676105E0482903D1012787401F40276118
:1060C0006260471CB8B21028DAD3F0BDF0B50A46BA
:1060D000002300240021002500F00046B6F1004F07
:1060E00002D11D4EF16901E01B4E7168C0F30345FA
:1060F00083B200F44016B6F5401F08D121F0E061EC
:10610000154E766826F0E066134F7E6012E000F4CC
:106110008016B6F5801F06D1032606FA05F4A143C2
:1061200041F0E06106E0460D360103FA06F6B143A0
:1061300041F0E06122B1460D360103FA06F6314323
:1061400000F00046B6F1004F02D1034EF16101E0CC
:10615000014E7160F0BD0000000001402DE9F047E4
:106160000446894605F002FAD9F800002168E27970
:1061700041F82200E079401CE071E0792179884201
:1061800029DB21792068194B0422F7F78EF80120CA
:106190000BE0216851F82010CA17A568E368491977
:1061A0005A41A160E260411CC8B22179491E814276
:1061B000EFDC2079801EC3170546A768E1682A46F0
:1061C0003846F7F741F880B220610020E0710021E5
:1061D000A160E16004E0206910B9D9F800002061F5
:1061E00005F0EEF92069BDE8F0870000053B0108E5
:1061F0002DE9FE4F04468A4615461F46DDF83080DD
:10620000002002900026019000908146D34654B1B0
:10621000206840B1606830B1BBF1000F03D015B108
:10622000B8F1000F02D10020BDE8FE8F0020C8F8B1
:106230000000204600F051F80290E91902988142CE
:1062400001D90020F0E7A06801900298401B00905F
:10625000384623E04FF0010901990E186168B142F8
:1062600001D86168761A00210FE02268925D1BF860
:1062700001309A4202D04FF0000908E0721C164625
:1062800063689A4200D30026491CA942EDD300BF9F
:10629000B9F1000F01D0C8F80000401CB9F1000F9F
:1062A00002D100998842D5D94846BDE730B50146AC
:1062B00000240022002319B1086808B1486808B911
:1062C000002030BDCA688B689A4203D3D51A48684B
:1062D000441B00E09C1A601EF3E730B50146002421
:1062E0000022002319B1086808B1486808B90020E5
:1062F00030BDCA688B689A4201D3D41A02E09D1A55
:106300004868441B2046F3E703460BB101B10AB9C4
:1063100000207047002018615A601960D8609860AA
:106320000120F6E77CB504460D4616460020019094
:1063300001AB324629460090204600F005F808B12E
:1063400001987CBD0020FCE72DE9F05F04468846FB
:10635000154699460026B2460027C3463CB1206840
:1063600028B1606818B1B8F1000F00D015B900204D
:10637000BDE8F09F2046FFF7B0FF8246BAF1000F5C
:1063800005D0AA4505D20A9800F0010008B1002006
:10639000EEE7AA4501D2504600E028460546A76828
:1063A0006068C01BA84202D26068C01B00E028469B
:1063B00006462068C11932465846F6F7C4FFB34472
:1063C0003744AD1B2DB12A4658462168F6F7BBFF6E
:1063D0002F466068B84200D80027A76000BF206938
:1063E00020B17219002120462369984700BFB9F1F6
:1063F000000F02D07019C9F800000120B8E710B5ED
:1064000004467CB1206868B1606858B10020E06043
:10641000A06000BF206920B100220221204623692C
:10642000984700BF10BD7CB504460D4616460020B7
:10643000019001AB324629460090204600F005F855
:1064400008B101987CBD0020FCE72DE9F05F04460F
:106450008846154699460026B2460027C3463CB1F9
:10646000206828B1606818B1B8F1000F00D015B9E4
:106470000020BDE8F09F2046FFF718FF8246BAF1E2
:10648000000F05D0AA4505D20A9800F0010008B116
:106490000020EEE7AA4501D2504600E02846054616
:1064A000E7686068C01BA84202D26068C01B00E0B9
:1064B000284606462168C81932465946F6F743FF72
:1064C000B3443744AD1B2DB12A4659462068F6F730
:1064D0003AFF2F466068B84200D80027E76000BF47
:1064E000206920B17219012120462369984700BF15
:1064F000B9F1000F02D07019C9F800000120B8E707
:106500001CB50C49084600F07DF962B6F8F7CEFAE2
:1065100000F005F904F028F90748012100234A0298
:10652000CDE9001005A1084808F07CFB05F01EFD30
:1065300000BFFEE700D0000808010020537461721C
:10654000745461736B00000019A70108F0B50B309B
:10655000154D20F007010024144A0FE003688B4218
:106560000BD38B4205D95E1A43184768C3E900670D
:1065700000E04368136002C004E0021D10680028B8
:10658000ECD12046002802D1286808B10020F0BDD7
:10659000064A07481060074A121A22F00702C0E9AB
:1065A000002401202860D7E7E8060020E406002048
:1065B000E4A00020E0A400202DE9F043A3B00446AD
:1065C0004FF000092078022804D10022214610460D
:1065D000FDF7CEFB18A8A168F9F796FE0546401C0A
:1065E000A8B136480078B0B1242101A8F6F7D2FE50
:1065F000A27804F1100101A8F6F7E9FE0AA901A8A2
:10660000FFF784F810B14FF000094FE003E00620D7
:1066100023B0BDE8F083A768002218A8A16802F0A3
:106620008BFE012306221EA9284607F08BFD143F8E
:106630000026B0461BE006F12000B84202D24FF01F
:10664000200801E0A7EB060808F1030121F003028E
:10665000216B1431881910A9FEF778F805F114019F
:106660008819424610A9FEF77FF881464644BE428B
:10667000E1D3022306221EA9284607F063FDA27873
:10668000D21C22F0030305F128021344E268D21C55
:1066900022F003029918E80AC00202F07DFEA178F8
:1066A0002A4604F1100002F0C5FD00BF0122214678
:1066B0000020FDF75DFB4846AAE700009600002099
:1066C0002DE9F04104460D460026771E00BF2946FD
:1066D0002046F9F719FE0746401C38B905480078EE
:1066E00020B11EB9FFF74CFA0126F0E73846BDE8A5
:1066F000F0810000950000202DE9F04106460C468F
:106700001546E01C20F003012831E81C20F00300AE
:106710000F1839463046FFF7D3FFBDE8F08110B5BA
:106720004FF4407000F064F810BD00002DE9F04116
:1067300003460D46164600240027A0462A48006856
:1067400000F4E060B0F5E06F03D100BF4FF0040843
:1067500030E02548006800F4E060B0F5C06F03D178
:1067600001274FF0030825E01F48006800F4E060AF
:10677000B0F5A06F02D10227B8461BE01A480068A6
:1067800000F4E060B0F5806F03D103274FF00108FB
:1067900010E01548006800F4E060B0F5407F03D1D8
:1067A00004274FF0000805E04FF4A06000F020F847
:1067B0000227B846C7F1040005FA00F4C8F1040145
:1067C0000F20C8403040044324010848C45403F05B
:1067D0001F01012088405911890001F1E021C1F811
:1067E0000001BDE8F08100000CED00E000E400E0F5
:1067F00002490143024A1160704700000000FA0597
:106800000CED00E0034A0A400243034B1A60BFF359
:106810004F8F704780FFFF1F08ED00E001B5BDF806
:10682000000005F0D3F908BD00B58FB04FF4C0608B
:1068300000F0C6FF40F20E7000F0C2FF4FF4A060FF
:1068400000F0BEFF4FF40053032218213148FFF738
:10685000DFFB4FF40043032218212E48FFF7D8FB3B
:106860002D4801F043FA08A801F092FA4FF4827023
:1068700008904FF44040099000200A904FF40070B7
:106880000B9003200D9018200E9000200C9008A96A
:10689000214801F05FFA204801F075FA00211E48F6
:1068A00001F014FA1C4801F01CFA04211B48FDF702
:1068B0007BFB01A8FDF792FC17480C3001901848AB
:1068C000039001208DF81E000020049002904FF4E8
:1068D000005006900120059000208DF81C0001203A
:1068E0008DF81D0001AA04210C48FDF7A9FB042125
:1068F0000A48FDF7F4FA04210848FDF74AFC042190
:106900000648FDF7BAFA012204210448FDF784FB8A
:106910000FB000BD000C01400038004000000240F4
:106920004CA0002010B54FF6FF7400E0641E8021DB
:10693000094801F007FA012801D1002CF6D14FF6E1
:10694000FF7400E0641E0221034801F0FBF908B95E
:10695000002CF7D110BD00000038004070B5A2B087
:1069600006460025802102A8F6F714FD32462021B4
:1069700002A8FCF761FE0546002410E002A951F8C8
:10698000242004EBC401134BC81813A1F8F732FB01
:10699000202104EBC40008300E4A1154641CAC42A0
:1069A000ECD36DB10B4805EBC5030D4900900DA26A
:1069B000086A0E49F8F7F4FA0DA0F8F7F1FA06E0C4
:1069C0000749486AF8F7ECFA09A0F8F7E9FA22B0A3
:1069D00070BD0000EB8B00202530386C7800000083
:1069E000A4FC01082E61786600000000888B00205E
:1069F0000D0A00002DE9F04105460E4626480768BD
:106A000026480068001D03F09EF950B9234800682D
:106A100090F82C10012088402149096881432048C2
:106A20000160681CD8B9D6B11E4948681B4909687D
:106A300088601A4982680968CA6018490968091D8E
:106A40008268516015490968091D8160154A13491A
:106A500009684A6111460968491C11601AE07C19ED
:106A60000E4800684460BC4207D20C480168091D0A
:106A70000D48006804F054FD0CE008480168091D49
:106A80000A48006804F04CFD09480068844201D2BD
:106A900007480460BDE8F0811800002004000020D1
:106AA0001C000020E00700200C000020080000204F
:106AB0003400002038B5044604F058FD384800681A
:106AC000401C374908603748006840B935480460C1
:106AD0000846006801280DD100F04AFA0AE0324861
:106AE000006838B92F480068C06AE16A884201D856
:106AF0002C4804602D480068401C2C4908606CB18B
:106B00002046F7F71BFA216B2068401A009004F129
:106B100034012046D4E90B23F7F780FE2046F7F72F
:106B200071FA94F82C100120884021490968084323
:106B30001F490860E16A01EB81011E4A02EB8101F5
:106B40004868A0608268E260211D826851608160AF
:106B5000E16A01EB8101174A02EB81026261E16A9D
:106B600001EB8101134A52F82110491CE26A02EB41
:106B70008202104B43F8221004F022FD0A480068FC
:106B800068B108480068C06AE16A884207D24FF0DD
:106B9000805009490860BFF34F8FBFF36F8F38BD36
:106BA00014000020040000202000002030000020FD
:106BB0001C000020F006002004ED00E010B504F0F9
:106BC000D5FC0C48006890B90B4804F099FC0B48C0
:106BD00004F096FC08480A4908600848094908601A
:106BE00000220C210A2007F0AAFB0249086004F0E9
:106BF000E7FC10BD4C000020F4070020080800202E
:106C0000440000204800002010B516E004F0AEFC5F
:106C10000C48C068C468201D03F095F80A48006855
:106C2000401E0949086009480068401E074908607D
:106C300004F0C6FC204600F05FF804480068002815
:106C4000E4D110BDCC07002014000020100000206B
:106C500070B504460D46206C70B1216CE0680144AB
:106C6000E160D4E90210884201D32168E16028463E
:106C7000226CE168F6F767FB70BD2DE9F041044630
:106C80000F4615464FF00008A66B206C48B92068E7
:106C900000282CD1A06808F0EBF980460020A06005
:106CA00025E07DB93946226C6068F6F74CFB216C13
:106CB000606808446060D4E90101884217D3206805
:106CC000606014E03946226CE068F6F73CFB216C0A
:106CD000E068411AE1602168E068884203D2216CD3
:106CE000A068411AE160022D01D106B1761E701C28
:106CF000A0634046BDE8F08110B50446206B04F067
:106D00007DFC204604F07AFC10BD01464A6A22B19F
:106D10000A6B1268C2F1080000E000207047000012
:106D20000146084A126812680AB9012200E00022EE
:106D30000A600A6822B9034A1268D268106800E043
:106D4000002070474400002030B54FF4F04317484E
:106D500000F007042CB1C01D20F00700134C041BE9
:106D60001B1B0246124C22600024114D6C60D0188F
:106D7000083820F007000F4C206000240D4D2D68CE
:106D80006C600C4D2D682C601146441A4C60094C07
:106D900024680C60084D4C682C60084D4C682C60D1
:106DA0004FF00044064D2C6030BD00001C08002050
:106DB00058000020600000206800002064000020CF
:106DC0007400002000BFFFF71FFF0748006801287C
:106DD00007D94FF0805005490860BFF34F8FBFF3CC
:106DE0006F8F03F097FCEEE7F006002004ED00E063
:106DF00010B5044654B10020A06020600021E1607D
:106E000000231A461946204607F03AFB10BD2DE92B
:106E1000F04106460D4617469846069C0DB924607B
:106E200000E02760E66325640121204607F0BAFAF6
:106E300043462A4631467320F7F7ECF9BDE8F08166
:106E40002DE9F05F82460F4690469B460A9E0C9CB9
:106E5000A8F10100216B01EB800929F0070909F075
:106E6000070008B9012000E0002050B900BF202031
:106E700080F31188BFF34F8FBFF36F8F00BF00BF48
:106E8000FEE7C4F8448087B1002507E0795D04F18E
:106E900034004155785D00B902E06D1C102DF5D32A
:106EA00000BF00214320015502E0002084F8340097
:106EB000082E01D2012000E0002050B900BF2020A0
:106EC00080F31188BFF34F8FBFF36F8F00BF00BFF8
:106ED000FEE7082E00D30726E662A6640020E064E1
:106EE000201D04F01AFB04F1180004F016FB2461C5
:106EF000C6F10800A06164620020206584F8540097
:106F00005A465146484600F063FB20600B9808B192
:106F10000B980460BDE8F09F2DE9F04706460D464A
:106F200017469846DDE908940DB1012000E00020E5
:106F300050B900BF202080F31188BFF34F8FBFF3FB
:106F40006F8F00BF00BFFEE7FFF738FE2660A56128
:106F5000C4F81C80C4F82090201D04F0DEFA2FB184
:106F600094F8240040F0040084F82400BDE8F08781
:106F700010B5002407E004EB84010F4A02EB810006
:106F800004F0BEFA641C082CF5D30C4804F0B8FADF
:106F90000B4804F0B5FA0B4804F0B2FA0A4804F0C2
:106FA000AFFA0A4804F0ACFA0448094908600448FA
:106FB0000849086010BD0000F0060020900700207E
:106FC000A4070020B8070020CC070020E00700201D
:106FD000080000200C00002010B50146164800E013
:106FE000006803688B42FBD30246436813448B421C
:106FF00004D143684C682344436001460A464B6809
:1070000013440468A34211D10C4C03682468A342C2
:1070100008D04B680468646823444B6003681B68AD
:107020000B6005E0054B1B680B6001E003680B601B
:10703000884200D0016010BD580000206000002090
:107040002DE9F04104460D4616461F464FF0000854
:1070500065602461B5420CD8F01BA169884202D357
:107060004FF0010811E0211D0948006804F058FAAA
:107070000BE0BE4204D2BD4202D34FF0010804E04F
:10708000211D0448006804F04BFA4046BDE8F08139
:10709000480000204400002070B5054604F066FA60
:1070A000A86B08B9012400E0002404F089FA204606
:1070B00070BD70B5054604F059FAA86BE96B8842BB
:1070C00001D1012400E0002404F07AFA204670BDCA
:1070D00070B505460E460E480068C068C468201D9D
:1070E00002F031FE94F8240000F0040028B132468A
:1070F0002946204600F0D6F805E094F8240000F078
:10710000FE0084F824002046216A884770BD0000F4
:10711000440000207FB57FE0019800287CDB039CC1
:10712000606908B9012000E0002010B9201D02F0BC
:107130000AFE684600F0E2F8054601980A2869D27E
:10714000DFE800F06805072E365806082F3700BF25
:1071500000BF00BF94F8240040F0010084F8240030
:107160000298A269811803462A462046FFF768FF65
:10717000A8B194F8240000F0040038B10298A26984
:1071800081182A46204600F08DF805E094F8240086
:1071900000F0FE0084F824002046216A88473AE087
:1071A00000BF94F8240000F0FE0084F8240032E0D0
:1071B00000BF94F8240040F0010084F824000298F5
:1071C000A061A06908B1012000E0002050B900BF13
:1071D000202080F31188BFF34F8FBFF36F8F00BF64
:1071E00000BFFEE7A06941192B462A462046FFF75B
:1071F00027FF10E094F8240000F0020018B92046A0
:1072000004F0FCF905E094F8240000F0FE0084F896
:10721000240000E000BF00BF002201A9034800686D
:1072200007F0C6FA00287FF477AF7FBD4C0000203E
:10723000F8B505460C4604F0F5FE684600F05EF829
:107240000646009820BB44B9B54206D808F0A0F81D
:1072500031462846FFF73CFF1CE03CB10E48006871
:10726000006808B9012000E000200446A91B22465E
:107270000A48006804F01AFB08F08AF850B94FF089
:10728000805007490860BFF34F8FBFF36F8F01E055
:1072900008F07EF8F8BD0000480000204C000020F7
:1072A00004ED00E070B504460D46164604E0A06902
:1072B00005442046216A8847A06941192B46324679
:1072C0002046FFF7BDFE0028F1D170BD09480068D7
:1072D000006808B9012000E0002020B14FF0FF3025
:1072E0000549086005E003480068C0680068024975
:1072F00008607047080000203400002070B5044684
:1073000007F0C6FD054607480068854204D200F034
:107310000BF80120206001E000202060014805609A
:10732000284670BD5400002070B508E00D48006884
:10733000C06804684FF0FF312046FFF7C9FE0948D6
:107340000068006808B9012000E000200028EDD0A6
:10735000044805680448006802490860024805605E
:1073600070BD000044000020480000200E48006866
:10737000401C08B9012000E0002050B900BF2020C7
:1073800080F31188BFF34F8FBFF36F8F00BF00BF33
:10739000FEE700BF202080F31188BFF34F8FBFF3BB
:1073A0006F8F00BF00BFFEE77800002008B500BF68
:1073B0006846FFF7B5FC044620460099FFF738FF02
:1073C000FFF7A8FEF4E770B5044604F0CFF894F98F
:1073D000455010E0606A08B9012000E0002038B98B
:1073E00004F1240007F040FF18B104F0C1FC00E0F4
:1073F00003E0681E45B2002DECDC00BFFF2084F8DE
:10740000450004F0DDF804F0B1F894F9445010E0C0
:10741000206908B9012000E0002048B904F11000FB
:1074200007F022FF08B104F0A3FC681E45B200E09B
:1074300001E0002DECDC00BFFF2084F8440004F0E4
:10744000BFF870BD2DE9F04104464FF0000804F08C
:10745000E9FD5148006808B9FFF776FC4F4800681D
:10746000204000287ED13CB304F10800A04223D97B
:10747000083404F0070000B304F00700C0F108006E
:107480002044A04216D904F00700C0F108000444CB
:1074900004F0070008B9012000E0002068B900BF2F
:1074A000202080F31188BFF34F8FBFF36F8F00BF91
:1074B00000BFFEE7002400E00024002C54D0384830
:1074C0000068844250D8374E3046056801E02E46A9
:1074D0002D686868A04202D228680028F7D12E489B
:1074E0000068854240D0306800F1080828683060A4
:1074F0006868001B102819D92F1907F0070008B970
:10750000012000E0002050B900BF202080F3118846
:10751000BFF34F8FBFF36F8F00BF00BFFEE76868F8
:10752000001B78606C603846FFF756FD1C496868A0
:107530000968081A1A490860084600681A49096863
:10754000884203D2164800681749086013496868E2
:107550000968084368600020286014480068401CDF
:10756000124900E000E0086007F012FF08F0070091
:1075700008B9012000E0002050B900BF202080F3AE
:107580001188BFF34F8FBFF36F8F00BF00BFFEE7BF
:107590004046BDE8F081000060000020740000203B
:1075A0006400002058000020680000206C000020CB
:1075B0000648006830B10549096801F14C00C96C02
:1075C000491C016001480068704700000400002069
:1075D000001F4FF080730360001F21F00103036060
:1075E000001F054B036014380260001F6FF0020398
:1075F00003602038704700006D730108184B59680C
:10760000184B1940164BDA6A22F000520C2820D28F
:10761000DFE800F0060708091F0C1F0D15161718E4
:1076200000BF00BF00BF41EA803113E000BF20F07F
:1076300004004FF0805343EA803319430AE000BF4F
:1076400000BF00BF20F00C0041EA803142F0005240
:1076500000E000BF00BF024B5960DA6270470000D3
:1076600000100240FF3FFFEF2DE9F04F8CB00746BE
:1076700000200A904AA090E8004CC068CDE905BE01
:10768000CDF810A007900FF21C1ADAE9000ACDE934
:10769000020A0FF2101ADAE9000ACDE9000A44489A
:1076A0004068C0F381000B900B9820B1012804D0F2
:1076B00002283FD103E03F4A3EE03E4A3CE03C48DE
:1076C000406800F4803CBCF5803F12D13848C06A65
:1076D00000F08048B8F1000F01D1364B00E0364B86
:1076E0003348406800F40039B9F5003F02D15B0827
:1076F00000E0324B2E484068C0F383412C4840687C
:1077000000F0006008B141F010012948406800F025
:10771000804008B141F020010F2901D2891C06E008
:107720000F2903D33E2901D8491C00E03F2103FB68
:1077300001F201E01F4A00BF00BF1D484068C0F3CE
:10774000031504A8465D22FA06F419484068C0F300
:10775000022502A8465D24FA06F009901448406804
:10776000C0F3C2251DF8056024FA06F0089037B171
:10777000012F06D0022F06D0032F0AD106E00A926D
:1077800008E00A9406E009980A9003E008980A9035
:1077900000E000BF00BF0A980CB0BDE8F08F000009
:1077A00000000000000000000102030406070809B1
:1077B0000010024000127A00006CDC0200093D005B
:1077C000064A02EB9011096800F01F0301229A405B
:1077D0001143024B03EB90121160704700100240FE
:1077E000064A02EB9011096800F01F0301229A403B
:1077F0009143024B03EB901211607047001002405E
:10780000064A02EB9011096800F01F0301229A401A
:107810001143024B03EB90121160704700100240BD
:107820002DE9F04792B004464FF00009CA462822DD
:1078300008A9206BFCF78AFF062108A8FEF776FB53
:1078400020700E98A060A068401C30B1A068B0F510
:10785000205F02D8A068202812D22820A0602078BB
:10786000052807D0052020700523062208A9206BD3
:1078700006F068FC00206070022012B0BDE8F087BE
:1078800040F2DC71A068884205D9A068B0F5205F9D
:1078900001D200BFFEE7A068A0F120060025002766
:1078A00016E005F12000B04201D2202700E0771B4E
:1078B000F91C21F00302216B203148196946FCF7BD
:1078C00045FF3A4669464846FCF78AFD81463D44F5
:1078D000B542E6D30F98484504D0002060704FF0C1
:1078E000020A1BE001206070206B00F128089DF85F
:1078F0004000C01C20F0030204F110014046FCF7D8
:1079000025FF9DF84000C01C20F0030000EB08019B
:1079100061631198E0609DF84000A0705046ACE7AC
:107920002DE9F04198B005460C4617464FF0000887
:10793000C5F30A0008B100BFFEE70CB900BFFEE7BF
:1079400024220FA92846FCF701FF65601598A06066
:107950003F49A068884207D000202070401EE060A8
:10796000072018B0BDE8F081012020701698E06073
:1079700004210FA8FEF7DAFA6070042112A8FEF7BE
:10798000D5FAA070002F60D00020206160682430FC
:1079900060616078012803D140F2DC70206154E01E
:1079A0006078022851D104F114012846FEF7A6FAA6
:1079B00038B161686069401AC0F5006020614046D6
:1079C000CFE740F2DC7020614FF0FF300D901EE0F9
:1079D00001A8FFF725FF9DF8050080B99DF8040078
:1079E00001280CD09DF80400052808D019A00D9995
:1079F000FCF748FE002020614FF002080FE06069AC
:107A000003990844606120690399401A206101A923
:107A10002046FEF71DFA0D90401C0028D8D100BF6B
:107A2000626802F500616069FCF771F806466069FA
:107A3000B04205D066616068301AC0F50060206110
:107A40006169606801F0A8FC00BF404689E700005A
:107A5000454634304572726F723A2054686520454D
:107A60004E5620284030782530385829204352433C
:107A7000333220636865636B206661696C656421DD
:107A80000A00000070B506460C4615460CB900BF4A
:107A9000FEE7681E072101EB4010C2082146304670
:107AA000FCF754FE29462046FEF740FA70BD000060
:107AB0000FB438B500240498FBF79EFB0546002D53
:107AC00003DC284638BC5DF814FB0021234800681D
:107AD00006F052FF01283ED105A80090002108467B
:107AE000009B049AF7F79AFA0446002C0BDA002060
:107AF000009000231A4619461848006806F0C0FC9A
:107B00006FF00300DEE7B4F5807F0BDD002000900E
:107B100000231A4619461148006806F0B1FC6FF0C0
:107B20000400CFE705A800900D48009A0499F7F7E4
:107B30008FFA044600200090224609490948FEF7C2
:107B400072FC00231A4619460448006806F098FCA7
:107B5000F9F7F4F800BF2046B4E700005801002010
:107B6000C09B0020A89900200248B0F8770000B21E
:107B700070470000A49800202DE9F04704460D4608
:107B800016461F46DDE908894FF0FF3060601AE0B5
:107B9000002221465046FFF7C3FE15B16078A84287
:107BA00011D1B9F1000F04D04A4621465046FFF7E3
:107BB000B7FEB8F1000F06D03A4631462046C0471E
:107BC00008B1BDE8F0872046FEF778F98246401CF0
:107BD0000028DDD100BFF4E730B503460C4615465A
:107BE000187830B15878012803D12068401C2060F3
:107BF00007E0187828B15878022802D12868401C7C
:107C00002860002030BD00002DE9F04706460C46F4
:107C100017460025A84634B9012200213046FCF75A
:107C2000A7F8054632E03046F5F7DDFB81463A46D7
:107C300049461748FEF760FD401C10B90620BDE814
:107C4000F08714493046FDF71BFD8046B8F1000F60
:107C500005D000220F493046FCF78AF8054635B9B1
:107C60003B46224631460A48FBF784FF0546B8F1F9
:107C7000000F06D02DB9012206493046FCF778F8EE
:107C800005460548007808B1FDF77AFF2846D6E793
:107C90007881002040810020950000202DE9F041EE
:107CA00005460E4614464FF0FF37701E072202EBC2
:107CB0004010C108FF222846F5F765FB1CB1601E85
:107CC00087000020E8553846BDE8F08121B94268B8
:107CD00042F00202426003E0426842F00102426068
:107CE0007047016841F040010160704710B50446DB
:107CF0001348204470B1B0F5806F14D0B0F5784FC0
:107D00001AD14FF44370FFF77BFD4FF44370FFF738
:107D100067FD12E040F20E40FFF772FD40F20E40A8
:107D2000FFF75EFD09E040F20F40FFF769FD40F20A
:107D30000F40FFF755FD00E000BF00BF10BD000081
:107D400000C8FFBF02469068084008B10120704794
:107D50000020FCE702460020106800F441500B6848
:107D600018434B6818438B681843CB6818430B695A
:107D700018434B6918438B6918431060D36923F487
:107D80000063D3617047016841F4807101607047FE
:107D90000021016041608160C160416181610161D8
:107DA000704700000246012020EA1210054B1870AF
:107DB00018460078012802D101F1480070470846B2
:107DC000FCE70000E7000020002000213F4A126885
:107DD00042F480323D4B1A6000BF401C3B4A12689F
:107DE00002F4003119B94FF6FF729042F5D1374ACB
:107DF000126802F400320AB900BFFEE7334AD269C2
:107E000042F08052314BDA61314A126842F440420A
:107E10002F4B1A602D4A52682C4B5A601A465268F2
:107E20005A601A46526842F480625A601A46526892
:107E300022F440325A601A46526842F440325A6084
:107E40001A465268234B1A40204B5A601A46526811
:107E5000214B1A431D4B5A601A46126842F0807239
:107E60001A6000BF194A126802F00072002AF9D0A5
:107E7000174A126842F48032154B1A6000BF144A48
:107E8000526802F48032002AF9D0114A126842F492
:107E900000320F4B1A6000BF0D4A526802F40032E4
:107EA000002AF9D0094A526822F00302074B5A60AF
:107EB0001A46526842F002025A6000BF034A5268F2
:107EC00002F00802002AF9D07047000000100240BA
:107ED00000700040FFFFC3B70000340810B5FFF783
:107EE00073FF10BD016841F0800101607047000020
:107EF00010B531B101293FD002297DD003297CD1B1
:107F0000BFE0036A23F001030362836923F00303E4
:107F10008361036A148823430362036A23F0020324
:107F20000362036A9488234303626A4B984202D037
:107F3000694B98421FD1036A23F004030362036A6A
:107F4000548823430362036A23F008030362036A2D
:107F5000D48823430362436823F4807343604368F7
:107F6000148923434360436823F4007343604368E8
:107F7000548923434360ABE0036A23F01003036298
:107F8000836923F440738361036A148843EA04130A
:107F90000362036A23F020030362036A948843EABE
:107FA000041303624B4B984202D04B4B984226D1AC
:107FB000036A23F040030362036A548843EA04130C
:107FC0000362036A23F080030362036AD48843EAEE
:107FD00004130362436823F4806343604368148995
:107FE00043EA84034360436823F4006343604368C7
:107FF000548943EA840301E002E068E0436067E0FB
:10800000036A23F480730362C36923F00303C3612B
:10801000036A148843EA04230362036A23F40073A7
:108020000362036A948843EA04230362294B98425B
:1080300002D0294B984223D1036A23F48063036260
:10804000036A548843EA04230362036A23F4006347
:108050000362036AD48843EA04230362436823F477
:10806000805343604368148943EA041343604368C0
:1080700023F4005343604368548943EA0413436084
:1080800026E0036A23F480530362C36923F4407338
:10809000C361036A148843EA04330362036A23F466
:1080A00000530362036A948843EA04330362094B72
:1080B000984202D0084B984208D1436823F4804389
:1080C00043604368148943EA8413436000E000BFBF
:1080D00000BF10BD002C01400034014031B1012926
:1080E0000CD0022913D0032922D118E0836923F090
:1080F000700383618369134383611AE0836923F406
:10810000E0438361836943EA0223836111E0C36929
:1081100023F07003C361C3691343C36109E0C369FA
:1081200023F4E043C361C36943EA0223C36100E06F
:1081300000BF00BF704731B1012906D0022906D027
:10814000032908D105E0426306E0826304E0C263CC
:1081500002E0026400E000BF00BF704731B10129B6
:108160000CD0022913D0032922D118E0836923F00F
:10817000080383618369134383611AE0836923F4ED
:1081800000638361836943EA0223836111E0C36969
:1081900023F00803C361C3691343C36109E0C369E2
:1081A00023F40063C361C36943EA0223C36100E0AF
:1081B00000BF00BF7047000010B504463349601A85
:1081C0008C4244D00CDCB4F1804F1CD030482044A9
:1081D00010B3B0F5806F28D0B0F5006F52D12DE00C
:1081E000B0F5806F3CD0B0F58E3F03D0B0F5923F34
:1081F00048D13EE040F20B30FFF702FB40F20B307B
:10820000FFF7EEFA3FE04FF48060FFF7F9FA4FF422
:108210008060FFF7E5FA36E040F20140FFF7F0FA40
:1082200040F20140FFF7DCFA2DE040F20240FFF798
:10823000E7FA40F20240FFF7D3FA24E040F20340AD
:10824000FFF7DEFA40F20340FFF7CAFA1BE040F204
:108250000440FFF7D5FA40F20440FFF7C1FA12E0FC
:1082600040F20540FFF7CCFA40F20540FFF7B8FABC
:1082700009E040F20D30FFF7C3FA40F20D30FFF78E
:10828000AFFA00E000BF00BF10BD000000100040CA
:1082900000FCFFBF016841F0010101607047000070
:1082A0000A8882621D4A90420ED0B0F1804F0BD0F6
:1082B0001B4A904208D01B4A904205D01A4A90426D
:1082C00002D01A4A90420BD1026822F0700202607A
:1082D00002684B881A43026002688B881A43026066
:1082E0008A68C262124A90420AD0124A904207D06B
:1082F000026822F4407202600268CB881A4302606E
:10830000064A904202D0094A904201D10A7B026398
:10831000426942F00102426170470000002C0140B6
:108320000004004000080040000C00400034014000
:108330000010004000140040012904D1426C42F4B6
:108340000042426403E0426C22F4004242647047FF
:1083500000210180418081804FF6FF718160002102
:10836000C1800173704770B504462068057C94F89D
:10837000380010FB05F5ED002946606BF5F70AF8AB
:1083800070BD7FB582B004460A9D94F88C00002829
:1083900063D0BDF8140000285FD0BDF81400012898
:1083A0001CDD022D0CD1BDF80C00BDF81410401AD4
:1083B00080B20390BDF80C00401C80B203900DE029
:1083C000032D0BD1BDF81000BDF81410401A80B277
:1083D0000490BDF81000401C80B2049005F0010527
:1083E000C5B9B4F84C00BDF81010884201DD06B0E4
:1083F00070BDB4F84E00BDF81010884200DCF6E7FE
:10840000B4F84A30B4F8482005A903A800F06EF982
:10841000C0B9ECE7B4F84800BDF80C10884200DDA4
:10842000E5E7B4F84A00BDF80C10884200DCDEE74E
:10843000B4F84E30B4F84C2005A904A800F056F961
:1084400000B9D4E70095206BBDF81430BDF81020BA
:10845000BDF80C1086682046B04700BFC7E72DE97D
:10846000FF4F83B004460E461F46DDF8408094F867
:1084700092A0BAF1000F01D1012000E0002002908B
:108480000598401C80B20090F01983B23146204616
:10849000059A00F084F810B907B0BDE8F08F012507
:1084A0004BE098F8000000EA050B4FF000090DE0E2
:1084B00009F101001FFA80F9701C86B26806050EEA
:1084C00015B9012508F10108781E87B2002F13DDC8
:1084D000BBF1000F07D198F80000284008B901202F
:1084E00008E0002006E098F80000284008B10120CC
:1084F00000E000200028DBD1BBF1000F0CD084F895
:1085000092A000200090A6EB090081B24B462046C5
:10851000059AFFF736FF0FE094F8910060B90298D2
:1085200084F8920000200090A6EB090081B24B462F
:108530002046059AFFF725FF00BF002FB1DC84F825
:1085400092A000BFA8E72DE9F84F8246884615465D
:108550001C46DDE90A692746F81D87B2FF10A819F5
:1085600080B2009008EB040083B22A464146504690
:1085700000F015F808B9BDE8F88F0CE023462A464C
:1085800041465046CDF80090FFF769FFB944681C9A
:1085900085B2701E86B2002EF0DC00BFEBE72DE93D
:1085A000F04104460D4616461F46DDF81880B4F823
:1085B0004E10B4F84C004346324600F099F910B919
:1085C0000020BDE8F081B4F84A10B4F848003B46FA
:1085D0002A4600F08DF9F4E710B50446204600F075
:1085E0001FFA204600F028FB10BD00000149C165BC
:1085F00070470000EB88010810B5044600203034B5
:108600002084A0844FF6FF706084E08454F8300921
:1086100041682046884710BD2DE9F04104460D46CB
:1086200016461F46DDF818800020A065E7626563E6
:1086300084F8386084F8390000216D20015500204D
:108640007434607760760120A077E07744F8448C3A
:1086500054F8440C743C0168204688472046FFF7D4
:10866000CBFF2046FFF7C2FF002170200155BDE877
:10867000F08138B504465034E08800906388A288C1
:1086800034F850192046FFF78AFF18B9002084F803
:108690008C002AE0012084F88C00B4F84800B4F87B
:1086A0005010884203DAB4F85000A4F84800B4F837
:1086B0004A00B4F85210884203DDB4F85200A4F81E
:1086C0004A00B4F84C00B4F85410884203DAB4F805
:1086D0005400A4F84C00B4F84E00B4F85610884288
:1086E00003DDB4F85600A4F84E0038BD70B5054659
:1086F0000E46144629880A463088104482B29142B8
:1087000006DD994203DA1A46501E82B200E0214685
:10871000994201DB002070BDA24201DC0020FAE793
:10872000A14200DA21469A4200DD1A462980501AF9
:1087300082B232800120EEE72DE9F84304460E466E
:1087400015461F46DDF82080E08F281A85B2CDF847
:1087500000803B462A4631462046D4F82CC0E047EC
:10876000BDE8F8832DE9F84305460E4691461F46BD
:10877000DDF82080B5F84440A01B84B208F0010069
:1087800010B9E01B84B201E0601E84B23B464A4649
:1087900021462846CDF80080FFF7CEFFBDE8F883DC
:1087A0002DE9F84304460D4616461F46DDF82080A5
:1087B0003B46324629462046CDF80080FFF7BCFFF5
:1087C000BDE8F8832DE9F84F06460F4690469946D6
:1087D0000A9DBA46B6F84640A4EB080084B2601E73
:1087E00084B2681CC5B2022D05D1A4EB090084B285
:1087F000601C84B200254B46524621463046009507
:10880000FFF79AFFBDE8F88F2DE9F84F0646894635
:1088100092461F46DDF82880B6F84650A5EB0A00C0
:1088200085B2B6F84440A4EB090084B2B8F1000F59
:1088300004D1681E85B2E01B84B206E0B8F1010FD6
:1088400003D1601E84B2E81B85B23B462A4621460E
:108850003046CDF80080FFF76FFFBDE8F88F2DE9B7
:10886000F84F05460E4617469846DDF82890BA465A
:10887000B5F84440A01B84B2B9F1000F09D1601EC5
:1088800084B2A4EB080084B2601C84B24FF00109EA
:1088900003E0601E84B24FF0000943462246514671
:1088A0002846CDF80090FFF747FFBDE8F88F2DE987
:1088B000F8430546894616461F46DDF82080B5F880
:1088C0004640A01B84B208F0010010B1E01B84B246
:1088D00001E0601E84B23B46224649462846CDF858
:1088E0000080FFF729FFBDE8F883014600207047AC
:1088F00010B504468A4209DAA34201DD012010BD09
:108900009A4201DD0120FAE70020F8E7A34205DDE5
:108910009A4201DD0120F2E70020F0E70020EEE7B7
:108920002DE9F04704468946DDF82080D1B201F0F8
:108930000701012606FA01FA0AF0FF060027BC46E5
:1089400094F892A0BAF1010F00DC374694F892A097
:10895000BAF1010F00D0B446154625F00705D4F84A
:1089600000A09AF810A00AFB05FA1FFA8AF5606BBE
:1089700028444844B8F1000F14D100BF90F800A07B
:108980004AEA070A80F800A090F800A08AEA0C0AD8
:1089900080F800A0401CA3F1010A1FFA8AF3002B03
:1089A000ECD132E000BF90F800A04AEA070A80F854
:1089B00000A090F800A08AEA0C0A80F800A001F15B
:1089C000010A0AF0FF0101F00701A3F1010A1FFAF1
:1089D0008AF381B9B4F83AA0504494F892A0BAF15D
:1089E000010F00DC012794F892A0BAF1010F0AD020
:1089F0004FF0010C07E04FEA476A4FEA1A674FEA67
:108A00004C6A4FEA1A6C002BCDD1BDE8F08700000C
:108A1000014608200870014870470000908200203D
:108A20002DE9F0410446002594F8387094F8396037
:108A3000206890F8118000BF32462946204600F099
:108A40000AF8681CC5B2701CC6B2BD4201DA4645C0
:108A5000F2DBBDE8F0812DE9F84305460E4691466C
:108A6000286890F8108034466F6B04FB08F084B2DD
:108A70004FF6FF7000EAC404274443464A460021EB
:108A80002846009700F0B6F8BDE8F88310B51A3014
:108A900050F81A2C817F4FF6FF7303EAC10141841D
:108AA000117C03EAC1010184C17F03EAC101818411
:108AB000817FC37F1A380B44547CA34204DD537C6E
:108AC00090F839401B1B99B24FF6FF7303EAC101BE
:108AD00030F83E3F43804388838083880B44838003
:108AE000938AC380D38A03813E3810BD10B50446F3
:108AF0002046FFF7CBFF10BD10B504462046FFF718
:108B0000C5FF2068808AA4F846002068C08AA4F8BF
:108B1000440010BD10B504462046FFF7B7FF10BD56
:108B200010B504462046FFF7B1FF2068808AA4F8FC
:108B300046002068C08AA4F8440010BD10B5044661
:108B4000002040342081A08860812088A081608836
:108B5000E081403C2046FFF78CFD10BD10B5044677
:108B600034F8400F2081608860810020A081E08877
:108B7000E081403C2046FFF77CFD10BD10B5044667
:108B800000204234E0806088208100206081A0883D
:108B900034F84219884205DB4234A0882188401A03
:108BA0006081423C4034E0882188401AE081403CAA
:108BB0002046FFF75EFD10BD10B50446002042348C
:108BC000E080608834F84219884205DB42346088CE
:108BD0002188401AE080423C4034A0882188401A15
:108BE00060810020A081E088E081403C2046FFF7C2
:108BF00040FD10BD2DE9FC4104460D4616461F46BA
:108C0000DDF820808DF805508DF806608DF8047031
:108C1000CDF800806B4601220F212046D4F808C011
:108C2000E047BDE8FC8170B5044600231A460A21DE
:108C30002046A568A84770BD70B5044600231A46B3
:108C400010212046A568A84770BD70B504460D46A2
:108C500000232A460B212046A668B04770BD2DE9A7
:108C6000F04104460D4617461E46DDF818802046A2
:108C700000F00AF8A560E7602661C4F81480204679
:108C800000F018F8BDE8F08100210160084981601A
:108C9000C16001614161002180F8231080F8261035
:108CA0008161FF2180F8241080F8281070470000AF
:108CB000B190010870B5044600231A4609212046E8
:108CC000A568A84770BD00002DE9F04104460E4696
:108CD00015461F46182E1CD004DC142E0CD0172E5F
:108CE00035D104E0192E23D0202E30D105E02946BD
:108CF000384601F02BFE2DE02CE025B14FF48050DA
:108D00001649086004E04FF480501449091D0860BA
:108D100020E0206802784921204600F0CDF9206843
:108D2000827800232C212046D4F814C0E04711E0BB
:108D30002068C27800232C212046D4F814C0E047D4
:108D4000206842784921204600F0B6F902E0002070
:108D5000BDE8F08100BF0120FAE7000010080140E3
:108D600013B5044601AA0121204600F001F81CBDFC
:108D70002DE9F04104460D46164633462A46172192
:108D800020462769B847BDE8F08170B504460D4616
:108D900000232A46202120462669B04770BD2DE9D0
:108DA000F04104460D4616461F46A5F1140006285C
:108DB00026D2DFE800F01A030C151B1C0021204608
:108DC000FFF7E3FF31462046FFF7CAFF1AE0002114
:108DD0002046FFF7DAFF31462046FFF7C1FF11E0DA
:108DE00001212046FFF7D1FF00BF00BF00BF3B4677
:108DF000324629462046D4F810C0E047BDE8F0814D
:108E00000020FBE700BF0120F8E770B5044600230F
:108E10001A4619212046E568A84770BD70B504467A
:108E20000D4600232A4616212046E668B04770BD4D
:108E300070B504460D4600232A4615212046E668F3
:108E4000B04770BD2DE9F04104460D461646334645
:108E50002A4617212046E768B847BDE8F081F8B5F3
:108E600005460C4600BF2678641C182E21D006DC6F
:108E7000152E09D0162E08D0172E2CD110E0192E41
:108E800018D0FE2E27D11CE000BF207800900023D0
:108E90009DF8002031462846EF68B847641C1BE067
:108EA000207800906A4601212846FFF7CBFF641C1A
:108EB00012E000BF00231A4631462846EF68B84743
:108EC0000AE0207800909DF800202921284600F033
:108ED000F3F8641C00E0F8BDC5E770B50446002354
:108EE0001A4618212046E568A84770BD70B50446AB
:108EF00000231A46282120466569A84700231A4600
:108F000014212046E568A84701224B21204600F0A5
:108F1000D3F8206802792921204600F0CDF80022FC
:108F20004B21204600F0C8F820680279292120460C
:108F300000F0C2F801224B21204600F0BDF8206865
:108F400042792921204600F0B7F870BD016002681F
:108F5000927C80F8222070472DE9F04105460C46AE
:108F600016461F463B4632462146284600F01EF86C
:108F700010B10120BDE8F081092C09D00A2C0CD1D8
:108F80002846FFF7B3FF07492846FFF768FF06E0CA
:108F900005492846FFF7DAFF01E00020EAE700BFB5
:108FA0000120E7E768FA0108A8FB01082DE9F0476E
:108FB0000446884615461E46B8F10B0F09D0B8F195
:108FC0000D0F11D0B8F10E0F21D0B8F10F0F60D1F5
:108FD0002CE025B932492046FFF741FF03E0314933
:108FE0002046FFF73CFF57E045B92F492046FFF7E1
:108FF00036FF2068807C84F8220007E02B49204659
:10900000FFF72DFF2068C07C84F8220044E0204652
:10901000FFF763FF81212046FFF70AFF294620461C
:10902000FFF7FCFE2046FFF7F0FE35E02046FFF795
:1090300054FF7779F806070E94F822003844C7B237
:1090400040212046FFF7F4FE102040EA2711204679
:10905000FFF7EEFE07F00F012046FFF7DFFEB079C5
:1090600040F0B0012046FFF7D9FE00BF96F804900B
:10907000D6F800A04FEAC960010E52462046FFF71D
:10908000E1FE681EC5B2002DF0DC2046FFF7BDFEF4
:1090900002E00020BDE8F08700BF0120FAE70000F1
:1090A00069FB01086EFB010873FB01087AFB0108EC
:1090B00010B50446002010BD2DE9F04104460D46D0
:1090C000164600233246294620466769B847BDE860
:1090D000F08100002DE9F04106460D4614461F467A
:1090E000492D0FD004DC282D07D0292D2ED105E0E5
:1090F0004A2D13D04B2D29D11CE027E0204602F049
:1091000065FD23E024B14FF480501249086004E06B
:109110004FF480500F49091D086017E024B14FF447
:1091200080500D49086004E04FF480500A49091D41
:1091300008600BE024B14FF400600749086004E0C8
:109140004FF400600449091D086000BF00BF012002
:10915000BDE8F081100C01401008014010B5024636
:109160000B460024002100BF03E0505C2044C4B241
:10917000491C9942F9DBE043401CC0B210BD00001D
:109180002DE9F04104460F4616460CB9012000E0D7
:10919000002050B900BF202080F31188BFF34F8F0B
:1091A000BFF36F8F00BF00BFFEE702F0DFF91F487B
:1091B0000068503050F8240080B901211B48006835
:1091C0005430015556B13046FDF714FC4FF0805035
:1091D00017490860BFF34F8FBFF36F8F02F0F0F9AC
:1091E00002F0C4F9324639464220F4F7D5FF0F4861
:1091F0000068503050F824506DB137B100210B4851
:109200000068503040F8241005E0681E07490968DE
:10921000503141F8240000210448006854300155C1
:1092200002F0CEF92846BDE8F081000004000020DD
:1092300004ED00E02DE9F05F81468A4615461026D0
:109240001027524649460020FBF7CAF84FEA10485B
:109250004FF6FF7B00244BE0681CB0B3354830F874
:109260003400404505D1334800EBC4004560BDE8FB
:10927000F09F304800EBC4004068401C18B9102E25
:1092800001D1264633E02B4800EBC4004068401C67
:1092900068B3284800EBC4004088002808DD254852
:1092A00000EBC4004088401E224901EBC401488005
:1092B000204800EBC4004088584518DA27461D486E
:1092C00000EBC400B0F802B011E0FFE7194830F835
:1092D000340040450BD14FF0FF30164901EBC4017B
:1092E00048600020134901EBC4014880BFE7641CBB
:1092F000102CB1D3102E0CD20E4800EBC6004560E6
:109300000C4820F8368000200A4901EBC60148804D
:109310000DE0102F0BD2074800EBC7004560054851
:1093200020F837800020034901EBC701488000BFC7
:109330009DE700001C800020FEB504460E46154641
:1093400000276078012807D102230422694660685B
:1093500004F0F8FE07461DE0607802281AD1206963
:10936000482803D32069801B482810D203230422F5
:109370006946606804F0E6FE0746626802F500612F
:10938000104600F009F82DB10120287002E00DB15F
:10939000002028703846FEBD30B502460423002068
:1093A00026E0914218D902F50064A14214D2164C6D
:1093B00054F83040944206D1134C44F8302004EB6A
:1093C000C004616030BD104C54F83040641C74B966
:1093D000042B0CD103460AE00B4C54F83040944265
:1093E00005D14FF0FF34084D45F83040EAE7401C06
:1093F0000428D6D3042B05D2034C44F8332004EBC5
:10940000C304616000BFDDE79C80002001460C2999
:1094100001DB00207047024830F81100FAE7000035
:10942000809F002002207047FE48B0F8010008B974
:1094300064207047FC48008865287DD2DFE800F092
:10944000333F4B57636F757B83898F959BA1A7FD36
:10945000FCFBFAF9F8F7F6F5F4F3F2F1F0EFEEEDC4
:10946000ECEBEAE9E8E7E6E5E4E3E2E1E0DFDEDDB4
:10947000DCDBDAD9D8D7D6D5D4D3D2D1D0CFCECDA4
:10948000CCCBCAC9C8C7C6C5C4C3C2C1C0BFBEBD94
:10949000BCBBBAB9B8B7B6B5B4B3B2B1B0AFAEAD84
:1094A000ACABAAA9A800DF48407800F0010000B1E9
:1094B000CFE2DD480088401CDB49088000BFD94866
:1094C0004078C0F3400000B1C3E2D7480088401C98
:1094D000D549088000BFD3484078C0F3800000B170
:1094E000B7E2D1480088401CCF49088000BFCD4872
:1094F0004078C0F3C00000B1ABE2CB480088401C0C
:10950000C949088000BFC7484078C0F3001000B1C7
:109510009FE2C5480088401CC349088000BFC2487C
:109520000088401CC049088000BFBF480088401C1C
:10953000BD49088000BF00E089E2BB480088401CAC
:10954000B949088000BFB8480088401CB649088067
:1095500000BFB5480088401CB349088000BFB2482E
:109560000088401CB049088000BFAF480088401CFC
:10957000AD49088000BFAC480088401CAA4908805B
:1095800000BFA9480088401CA749088000BF55E0DB
:109590005EE256E24FE248E241E23AE233E22CE296
:1095A00025E21EE217E210E209E202E2FBE1F4E149
:1095B000EDE1E6E1DFE1D8E1D1E1CAE1C3E1BCE1FF
:1095C000B5E1AEE1A7E1A0E199E192E18BE184E1AF
:1095D0007DE176E16FE168E161E15AE153E14CE15F
:1095E00045E13EE137E130E129E122E116E10FE119
:1095F00008E101E1FAE0F3E0ECE0E5E0DEE0D7E0ED
:10960000D0E0C9E0C2E0BBE0B4E0ADE0A6E09FE09E
:1096100098E091E08AE083E07CE075E06EE067E04E
:1096200060E059E052E04BE044E03DE036E02FE0FE
:1096300028E021E01AE013E00CE005E07A48008819
:10964000401C7949088000BF77480088401C764953
:10965000088000BF74480088401C7349088000BF20
:1096600071480088401C7049088000BF6E4800881F
:10967000401C6D49088000BF6B480088401C6A4947
:10968000088000BF68480088401C6749088000BF08
:1096900065480088401C6449088000BF6248008813
:1096A000401C6149088000BF5F480088401C5E493B
:1096B000088000BF5C480088401C5B49088000BFF0
:1096C00059480088401C5849088000BF5648008807
:1096D000401C5549088000BF53480088401C52492F
:1096E000088000BF50480088401C4F49088000BFD8
:1096F0004D480088401C4C49088000BF4A480088FB
:10970000401C4949088000BF47480088401C464922
:10971000088000BF44480088401C4349088000BFBF
:1097200041480088401C4049088000BF3E480088EE
:10973000401C3D49088000BF3B480088401C3A4916
:10974000088000BF38480088401C3749088000BFA7
:1097500035480088401C3449088000BF32480088E2
:10976000401C3149088000BF2F480088401C2E490A
:10977000088000BF2C480088401C2B49088000BF8F
:1097800029480088401C2849088000BF26480088D6
:10979000401C2549088000BF23480088401C2249FE
:1097A000088000BF20480088401C1F49088000BF77
:1097B0001D480088401C1C49088000BF1A480088CA
:1097C000401C1949088000BF17480088401C1649F2
:1097D000088000BF14480088401C1349088000BF5F
:1097E00011480088401C1049088000BF0E480088BE
:1097F000401C0D49088000BF0B480088401C0A49E6
:10980000088000BF08480088401C0749088000BF46
:1098100005480088401C0449088000BF02480088B1
:10982000401C03E088990020B80600209D4908806C
:1098300000BF9C480088401C9A49088000BF994896
:109840000088401C9749088000BF96480088401C4B
:109850009449088000BF93480088401C91490880C3
:1098600000BF90480088401C8E49088000BF8D488A
:109870000088401C8B49088000BF8A480088401C33
:109880008849088000BF87480088401C85490880B7
:1098900000BF84480088401C8249088000BF81487E
:1098A0000088401C7F49088000BF7E480088401C1B
:1098B0007C49088000BF7B480088401C79490880AB
:1098C00000BF78480088401C7649088000BF754872
:1098D0000088401C7349088000BF72480088401C03
:1098E0007049088000BF6F480088401C6D4908809F
:1098F00000BF6C480088401C6A49088000BF694866
:109900000088401C6749088000BF66480088401CEA
:109910006449088000BF63480088401C6149088092
:1099200000BF60480088401C5E49088000BF5D4859
:109930000088401C5B49088000BF5A480088401CD2
:109940005849088000BF57480088401C5549088086
:1099500000BF54480088401C5249088000BF51484D
:109960000088401C4F49088000BF4E480088401CBA
:109970004C49088000BF4B480088401C494908807A
:1099800000BF48480088401C4649088000BF454841
:109990000088401C4349088000BF42480088401CA2
:1099A0004049088000BF3F480088401C3D4908806E
:1099B00000BF3C480088401C3A49088000BF394835
:1099C0000088401C3749088000BF36480088401C8A
:1099D0003449088000BF33480088401C3149088062
:1099E00000BF30480088401C2E49088000BF2D4829
:1099F0000088401C2B49088000BF2A480088401C72
:109A00002849088000BF27480088401C2549088055
:109A100000BF24480088401C2249088000BF21481C
:109A20000088401C1F49088000BF1E480088401C59
:109A30001C49088000BF1B480088401C1949088049
:109A400000BF18480088401C1649088000BF00BFAE
:109A500000BF00BF1448008812490988884206D018
:109A600010480088104908800020104908800F48DD
:109A70000088401C0D4908800846008804280EDB39
:109A80000020088007480088401C064908800846D6
:109A90000088642801DD002008806420C9E40148B2
:109AA0000088C6E4B8060020BA060020BC060020E4
:109AB00001460020012906D0022906D0032907D03B
:109AC00004290BD107E0C8200EE04FF4FA700BE038
:109AD0004FF4487008E04FF47A7005E0002000224F
:109AE000034B1A70002100BF00BF024A91707047FB
:109AF000D4060020D00600202DE9F04704460D468C
:109B00000027B846B94600261D49601A8C421CD071
:109B100006DC1C48204470B1B0F5806F1FD10FE007
:109B2000B0F5806F16D0B0F56C4F18D10320FDF75B
:109B30009BFD074614E00220FDF796FD07460FE067
:109B40000220FDF791FD07460AE00220FDF78CFD9B
:109B5000074605E00220FDF787FD074600E000BF4D
:109B600000BF07EB5500B0FBF5F64FF6F07006EAC4
:109B7000000806F00F0948EA0900A060BDE8F08778
:109B8000004C004000BCFFBFC1F3080242607047B8
:109B900010B504462049601A8C4228D006DC1F48C4
:109BA000204490B1B0F5806F33D117E0B0F5806FED
:109BB00026D0B0F56C4F2CD140F20E30FDF720FED0
:109BC00040F20E30FDF70CFE24E040F21140FDF7AC
:109BD00017FE40F21140FDF703FE1BE040F2124079
:109BE000FDF70EFE40F21240FDF7FAFD12E040F2E2
:109BF0001340FDF705FE40F21340FDF7F1FD09E0CB
:109C000040F21440FDF7FCFD40F21440FDF7E8FD82
:109C100000E000BF00BF10BD004C004000BCFFBF13
:109C2000C16841F40051C160704710B5024602EBB3
:109C30009110006801F01F040123A340184008B1EF
:109C4000012010BD0020FCE7426922F4007242614D
:109C5000426901F400731A4342617047426922F479
:109C600080724261426901F480731A434261704715
:109C700010B500EB9112126801F01F040123A340FC
:109C80009A4300EB91131A6010BD10B500EB9112CE
:109C9000126801F01F040123A3401A4300EB911343
:109CA0001A6010BDC1F3044301229A40D24300EB75
:109CB00091531A60704770B5024600230024C1F327
:109CC0008910105801F01F060125B54000EA050370
:109CD00002EB91500068C1F304460125B54000EA4B
:109CE000050414B10BB1012070BD0020FCE7C2686F
:109CF00022F4C062C260C2680A43C2607047C26890
:109D000022F00402C260C26801F004031A43C26078
:109D10007047026922F44052026102690A430261FB
:109D20007047C26822F00802C260C26801F00803EE
:109D30001A43C2607047C26822F48052C260C2688F
:109D40000A43C260704701460A69D1E90130986050
:109D5000D1E9010358605068884201D18868506099
:109D6000002008611068401E10601068704710B530
:109D700040F20960FDF724FD4FF4A060FDF720FDDF
:109D80000720FDF73BFCFCF7E7F8FAF7DBF8F6F7FE
:109D90001FF910BD2DED0A8B90B000200F900E9092
:109DA0000D900C900B900A900990089007900690E7
:109DB00005900490039000BF0020FFF727FB0F9051
:109DC0000FA9FE48FCF7CAF980B20D900120FFF7F9
:109DD0001DFB0F900FA9FA48FCF7C0F980B20E9056
:109DE0000220FFF713FB0F900FA9F648FCF7B6F916
:109DF00080B20A900320FFF709FB0F900FA9F248E9
:109E0000FCF7ACF980B203900420FFF7FFFA0F9043
:109E10000FA9EE48FCF7A2F980B204900520FFF7E5
:109E2000F5FA0F900FA9EA48FCF798F980B209906B
:109E30000620FFF7EBFA0F900FA9E648FCF78EF922
:109E400080B208900720FFF7E1FA0F900FA9E248CF
:109E5000FCF784F980B206900820FFF7D7FA0F903C
:109E60000FA9DE48FCF77AF980B20B900920FFF7C2
:109E7000CDFA0F900FA9DA48FCF770F980B20C9078
:109E80000A20FFF7C3FA0F900FA9D648FCF766F92E
:109E900080B205900B20FFF7B9FA0F900FA9D248B6
:109EA000FCF75CF980B20790BDF8380000EE100AAC
:109EB000B8EE400ADFEDCD0A20EE200ABCEEC00A63
:109EC00010EE100ACA490880BDF8340000EE100AEE
:109ED000B8EE400ADFEDC70A20EE200A084680ED02
:109EE000010ABDF8300000EE100AB8EE400ADFEDBE
:109EF000C20A20EE200ABCEEC00A10EE100A088149
:109F0000BDF82C0000EE100AB8EE400A10EE100A60
:109F1000F3F741FC41EC1C0BB0EE4C0AF0EE6C0A7E
:109F2000F5F7AAF8B0EE40BAF0EE60BA9FEDB30BC9
:109F300053EC102B51EC1B0BF3F72DFB41EC1A0BE0
:109F40009FEDB00B53EC102BF3F722FB41EC190BF8
:109F50009FEDAE0B53EC102BF3F730FC02D89FEDC6
:109F6000AB0B59E0BDF82C0000EE100AB8EE400A29
:109F700010EE100AF3F70FFC41EC1C0BB0EE4C0A8C
:109F8000F0EE6C0AF5F778F8B0EE40BAF0EE60BA91
:109F90009FED9A0B53EC102B51EC1B0BF3F7FBFAD4
:109FA00041EC1A0B9FED970B53EC102BF3F7F0FAE3
:109FB00041EC190B9FED970B53EC102BF3F750FC72
:109FC00002D89FED940B27E0BDF82C0000EE100A9C
:109FD000B8EE400A10EE100AF3F7DDFB41EC1B0B64
:109FE000B0EE4B0AF0EE6B0AF5F746F8B0EE40AA79
:109FF000F0EE60AA9FED810B53EC102B51EC1A0B85
:10A00000F3F7C9FA41EC190B9FED7E0B53EC102BC3
:10A01000F3F7BEFA41EC100BB0EE408AF0EE608A26
:10A0200051EC180BF3F798FB00B271494881BDF869
:10A03000280000EE100AB8EE400A10EE100AF3F7FE
:10A04000AAFB41EC1C0BB0EE4C0AF0EE6C0AF5F7E3
:10A0500013F8B0EE40BAF0EE60BA9FED680B53EC27
:10A06000102B51EC1B0BF3F796FA41EC1A0B9FEDFA
:10A07000650B53EC102BF3F78BFA41EC190B9FEDAA
:10A08000630B53EC102BF3F799FB02D89FED5F0B9A
:10A0900059E0BDF8280000EE100AB8EE400A10EEB4
:10A0A000100AF3F778FB41EC1C0BB0EE4C0AF0EE13
:10A0B0006C0AF4F7E1FFB0EE40BAF0EE60BA9FED43
:10A0C0004F0B53EC102B51EC1B0BF3F764FA41ECE4
:10A0D0001A0B9FED4C0B53EC102BF3F759FA41EC94
:10A0E000190B9FED4C0B53EC102BF3F7B9FB02D877
:10A0F0009FED480B27E0BDF8280000EE100AB8EEEF
:10A10000400A10EE100AF3F746FB41EC1B0BB0EED1
:10A110004B0AF0EE6B0AF4F7AFFFB0EE40AAF0EE98
:10A1200060AA9FED360B53EC102B51EC1A0BF3F792
:10A1300032FA41EC190B9FED330B53EC102BF3F774
:10A1400027FA41EC100BB0EE408AF0EE608A51EC39
:10A15000180BF3F701FB00B225498881BDF82400F4
:10A1600000EE100AB8EE400ADFED2C0A20EE200ABD
:10A17000084680ED040ABDF8200000EE100AB8EE93
:10A18000400ADFED270A20EE200A084680ED050A86
:10A19000BDF81C0000EE100AB8EE400ADFED210AFF
:10A1A00020EE200A084680ED060ABDF8180000EEF1
:10A1B000100AB8EE400ADFED190A35E07C010020F4
:10A1C00068010020B8010020440200203002002075
:10A1D000CC010020E001002008020020A4010020A2
:10A1E000900100201C020020F40100202549FF3DC1
:10A1F000589F0020D044D83BC8772D3D0000000078
:10A200000080424000000000003073400000000069
:10A21000000060C00000000000C05F400AD7A33B00
:10A2200024D14B3B68AE533B20EE200A084680ED1C
:10A23000070ABDF814000884BDF8100000EE100AEB
:10A24000B8EE400A10EE100AF3F7A5FA41EC1C0B29
:10A25000B0EE4C0AF0EE6C0AF4F70EFFB0EE40BA26
:10A26000F0EE60BA1FED1B0B53EC102B51EC1B0BE7
:10A27000F3F791F941EC1A0B1FED1E0B53EC102B69
:10A28000F3F786F941EC190B1FED200B53EC102B63
:10A29000F3F794FA02D81FED230B59E0BDF8100034
:10A2A00000EE100AB8EE400A10EE100AF3F773FA47
:10A2B00041EC1C0BB0EE4C0AF0EE6C0AF4F7DCFE3D
:10A2C000B0EE40BAF0EE60BA1FED340B53EC102B39
:10A2D00051EC1B0BF3F75FF941EC1A0B1FED370B39
:10A2E00053EC102BF3F754F941EC190B1FED370B1E
:10A2F00053EC102BF3F7B4FA02D81FED3A0B27E01A
:10A30000BDF8100000EE100AB8EE400A10EE100A78
:10A31000F3F741FA41EC1B0BB0EE4B0AF0EE6B0A7F
:10A32000F4F7AAFEB0EE40AAF0EE60AA1FED4D0BC6
:10A3300053EC102B51EC1A0BF3F72DF941EC190BE0
:10A340001FED500B53EC102BF3F722F941EC100BDF
:10A35000B0EE408AF0EE608A51EC180BF3F7FCF98E
:10A3600000B2A9494884BDF80C0000EE100AB8EE0E
:10A37000400A10EE100AF3F70EFA41EC1C0BB0EE97
:10A380004C0AF0EE6C0AF4F777FEB0EE40BAF0EE4D
:10A3900060BA1FED660B53EC102B51EC1B0BF3F75F
:10A3A000FAF841EC1A0B1FED690B53EC102BF3F785
:10A3B000EFF841EC190B1FED6B0B53EC102BF3F77F
:10A3C000FDF902D81FED6F0B59E0BDF80C0000EE4F
:10A3D000100AB8EE400A10EE100AF3F7DCF941EC6F
:10A3E0001C0BB0EE4C0AF0EE6C0AF4F745FEB0EE32
:10A3F00040BAF0EE60BA1FED7F0B53EC102B51EC1E
:10A400001B0BF3F7C8F841EC1A0B1FED820B53EC52
:10A41000102BF3F7BDF841EC190B1FED820B53EC39
:10A42000102BF3F71DFA02D81FED860B27E0BDF8BD
:10A430000C0000EE100AB8EE400A10EE100AF3F716
:10A44000AAF941EC1B0BB0EE4B0AF0EE6B0AF4F7E5
:10A4500013FEB0EE40AAF0EE60AA1FED980B53EC8D
:10A46000102B51EC1A0BF3F796F841EC190B1FED7A
:10A470009B0B53EC102BF3F78BF841EC100BB0EE69
:10A48000408AF0EE608A51EC180BF3F765F900B2E0
:10A490005D4988845D480078C0F3C01000286DD005
:10A4A0005B480078401C5A490870084600786428C8
:10A4B00064DB00200870544890ED010A10EE101A79
:10A4C0000846F3F768F941EC180B4F48008800EE96
:10A4D000100AB8EE400AF2EE040A80EE201A11EEDD
:10A4E000104A2046F3F757F941EC190B8DED008B1C
:10A4F00053EC192B47A0FDF7DBFA4348008900EE27
:10A50000100AB8EE400AF2EE040A80EE201A11EEAC
:10A51000104A2046F3F73FF941EC180B3A48B0F9DE
:10A520000A0053EC182B009042A0FDF7C1FA364800
:10A53000B0F90C1047A0FDF7BBFA3348B0F924205E
:10A54000B0F9221047A0FDF7B3FA2F4890ED050AA5
:10A5500010EE101A0846F3F71EF941EC180B2A48C2
:10A5600090ED040A10EE101A0846F3F714F941ECC6
:10A57000190B8DED008B53EC192B00E022E040A06D
:10A58000FDF796FA204890ED070A10EE101A0846DB
:10A59000F3F701F941EC180B1B4890ED060A10EE99
:10A5A000101A0846F3F7F7F841EC190B8DED008B04
:10A5B00053EC192B3CA0FDF77BFA1348018C43A008
:10A5C000FDF776FA45480078FF2804DA434800781A
:10A5D000401C42490870414800780A2806D140488A
:10A5E000808820F00400001D3D4988803C480078A8
:10A5F000012804D11E2001F0E9FAFFF7DDBB642039
:10A6000001F0E4FAF9E70000589F0020340100202F
:10A610005902002056494EB5E7D1B93D252E326684
:10A62000562C2056494EB5E7C1F73D252E326641DE
:10A630000D0A0000313256B5E7D1B93D252E3266FC
:10A64000562C20313256CEC2B6C83D2564A1E34314
:10A650000D0A00003556CEC2B6C83D2564A1E343BD
:10A660000D0A0000CBAECEC2313D2564A1E3432CE0
:10A6700020CBAECEC2323D2564A1E3430D0A0000DB
:10A68000BCD3C8C8B0F4B5E7C1F73D252E3266414A
:10A690002C20D1F5C6F8B1C3B5E7C1F73D252E3260
:10A6A00066410D0A00000000CBAEB1C3B5E7C1F7AB
:10A6B0003D252E3266412C20B5C6B9E2B5E7C1F77B
:10A6C0003D252E3266410D0A00000000B9E2D5D5C5
:10A6D0004144433D25640D0A00000000580200205B
:10A6E000889900201CB5FFF742FB01F02DFD0548BD
:10A6F00002210023CA01CDE9001003A1044804F09F
:10A7000091FA1CBD640100204164635461736B00C5
:10A71000959D01087047000010B5044600F026FF23
:10A7200001F046F9F6F750FB10B900200D4908601A
:10A73000FFF7D8FFF6F76EF800F078FDF5F740FE6A
:10A7400000F022FD00F0BAFEF6F786F9F6F7C2FB3C
:10A75000F6F780FA01F0D6FC002001F069FA00F06B
:10A760002FFF10BD3401002010B500F01DFAF6F7E0
:10A770005FF900F0E5FFF3F73FF8F3F71FFB09A2DD
:10A7800008A10CA0F9F76EF900F098F9F9F7F0FDBF
:10A7900004461CB1214608A0F4F702FCF4F736F990
:10A7A00010BD00004C6974655F5665725F315F30A3
:10A7B0005F3000004150500045617379466C617311
:10A7C0006820696E6974206661696C2C2045664555
:10A7D0007272436F6465203D2025642E720A00006A
:10A7E00010B501F037FD01F04FFD10BD00BF4FF077
:10A7F000FF3201210020FEF7C3FC0128F7D11AE047
:10A80000134890F8720020B94FF496704FF08041D1
:10A81000C8631048008801F0D9F900204FF080414A
:10A82000C8630D48008801F0D1F90C480088401E2B
:10A8300000B20A4908800948B0F900000028DFDCAE
:10A84000064800880028D2D105490870CFE70000EB
:10A85000A498002096020020980200209402002074
:10A860009A02002010B50248FDF77DFD10BD0000E2
:10A87000B89F002010B540F20360FCF7A1FF40F242
:10A880000260FCF79DFF40F20260FCF799FF40F286
:10A890000360FCF795FF40F20360FCF791FF4FF473
:10A8A0008053032210211548FBF7B2FB4FF40063DD
:10A8B000032210211248FBF7ABFB4FF48053032215
:10A8C00010210F48FBF7A4FBFBF7AEFF4FF48050BD
:10A8D0000A49103108600A49103108604010091D0A
:10A8E00008601420FBF79AFF4FF400600449103110
:10A8F0000860C820FBF792FF10BD0000000C01406B
:10A900000008014010B5034801F0C0FE00200249D4
:10A91000087010BDB89F0020B002002010B502489A
:10A92000FDF75AFE10BD0000B89F002010B5044688
:10A9300024B100210448FEF788F903E00121024810
:10A94000FEF783F910BD0000B89F002070B50546E2
:10A950000C4605B104B970BD2146284601F046FEFB
:10A9600000BFF8E700BF2048006850B91F480068E2
:10A9700018B11E4800681C490860642001F026F9DF
:10A98000F1E719480068D0F80F0058B11648006880
:10A99000807A38B914480068D0F80F10124800685F
:10A9A000884720E010480068D0F80F0020B10E481A
:10A9B0000068807A012816D10B4800681730FBF731
:10A9C0008CFC20B9FA2200210846FEF7D9FB064884
:10A9D0000068D0F80B0030B103480068D0F80B10C5
:10A9E000014800688847BEE7B4020020C006002086
:10A9F00010B516480078062800D010BD144800781D
:10AA000000B9FAE712488088E8B11148C088D0B18F
:10AA10000F48C088401E0E49C8800846C08890B9BB
:10AA200000210846F5F7B6FE0A480078C0F340104A
:10AA300020B908480078C0F3C00020B104488188DC
:10AA400005A0FDF735F800BFD7E700008899002082
:10AA5000A8020020340100204C63645F5461736BD2
:10AA60003AB5B9BCC6CAB1BDE1CAF82CBDF8C8EB4D
:10AA7000CFA2C6C120CAB1BCE4203D202564530D3D
:10AA80000A0000001CB54FF400600949086009483D
:10AA9000FDF769FC0848402180230022CDE9001021
:10AAA00011460448FDF74FFD0248FDF795FD1CBD1A
:10AAB00010080140B89F0020B802002010B5F9F737
:10AAC0002BFF04210120FAF769FA04210220FAF78A
:10AAD00065FA04210320FAF761FA0120FAF72EFB48
:10AAE000FAF798FB10BD10B501F0FCFD10BD000099
:10AAF0002DE9F04105460E46174617480078C0F389
:10AB0000800030B1294615A0FCF7D2FF1AA0FCF74F
:10AB1000CFFF00240FE0286846F824000E48007894
:10AB2000C0F3800020B156F8241014A0FCF7C0FF39
:10AB30002D1D601CC4B2B4EB970FECD3064800780F
:10AB4000C0F3800028B10FA0FCF7B2FF0AA0FCF709
:10AB5000AFFFBDE8F0810000340100200D0A52650E
:10AB6000616420646174612066726F6D20307825A5
:10AB70003032580A000000000D0A000030782578B5
:10AB8000202000000D0A5265616420656E640A0091
:10AB9000012803D10421034A116102E00421014A82
:10ABA000516170470010014010B540F20460FCF79D
:10ABB00007FE0423022210210348FBF729FA042090
:10ABC0000149486110BD00000010014000BFF6F7C8
:10ABD000E7F918B96B48007804287DD16A480078F5
:10ABE000401CC0B26849087003280EDB00200870C2
:10ABF0006649B1F92210654AB2F92420881800EBA1
:10AC0000D071491009B2624A118000245F48B0F93E
:10AC10000C005E49B1F90A10884203DD5B48B0F9C7
:10AC20000C0002E05948B0F90A00044659488078FF
:10AC3000052804D2DFE800F0040C1C2C3C0000BF07
:10AC4000282C04DD0120FEF733FF5249088037E04D
:10AC5000262C05DA0020FEF72BFF4E49088006E07F
:10AC60002C2C04DD0220FEF723FF4A49088027E050
:10AC70002A2C05DA0120FEF71BFF4649088006E072
:10AC8000302C04DD0320FEF713FF4249088017E053
:10AC90002E2C05DA0220FEF70BFF3E49088006E065
:10ACA000342C04DD0420FEF703FF3A49088007E056
:10ACB000322C04DA0320FEF7FBFE3649088000BF81
:10ACC00000BF34488078022810DA324880780028A3
:10ACD0000CDD3148007800E02EE038B901202E4923
:10ACE00008700220FEF7E4FE2A49088029480188FE
:10ACF000002001F0ADFD27480188012001F0A8FDEA
:10AD000000252348B0F90000162802DA4FF47A75BE
:10AD100008E01F48B0F90000192802DA4FF4FA756C
:10AD200000E000251D480088A84204D01B4805808B
:10AD3000008801F09FFD1CE01648807810B9154886
:10AD4000008870B10020FEF7B3FE12490880084663
:10AD50000188002001F07CFD0E480188012001F0EF
:10AD600077FD0E48008820B100200C49088001F0D2
:10AD700081FD4FF47A7001F07DFD4FF47A7000F0A0
:10AD800025FF24E788990020D5060020589F002041
:10AD9000D6060020D0060020D4060020D8060020C9
:10ADA00010B50020034908800A210348F2F7F2FA9F
:10ADB00010BD00008C020020989F002010B50446B2
:10ADC000022233492046F5F735FE70B100220221F8
:10ADD0001046F7F7C5FF2F480078C0F38010002811
:10ADE00052D02DA0FCF764FE4EE0304800780628D3
:10ADF00003D02E480078042846D104222C4920464E
:10AE0000F5F718FEA8B101210220F6F767FC04202F
:10AE1000F5F7ECFA002211461046F7F7A1FF1D489E
:10AE20000078C0F3801000282ED022A0FCF740FE4E
:10AE30002AE0022225492046F5F7FCFD60B10121F8
:10AE40000220F5F7A7FC13480078C0F38010D8B1B2
:10AE50001FA0FCF72DFE17E0032222492046F5F73C
:10AE6000E9FD28B9032220492046F5F7E3FD58B152
:10AE700001210846F5F78EFC06480078C0F38010E3
:10AE800010B11AA0FCF714FEFFF78AFF10BD0000F6
:10AE900000FF0108340100204B65795F5461736B3A
:10AEA0003ABFAAB9D8BBFA200D0A00008899002041
:10AEB00004FF01084B65795F5461736B3ACFB5CDE0
:10AEC000B3B3E4B7C5B1A3BBA40D0A0008FF0108E2
:10AED0004B65795F5461736B3ABFAAB9D8B1B3B906
:10AEE000E20D0A000AFF01080DFF01084B65795FBA
:10AEF0005461736B3AC7BFD6C6BFAAC6F4B1B3B923
:10AF0000E20D0A0000BF92480079C0F3C00040B9CA
:10AF1000F5F7E0FD8F4908704FF4FA7000F056FE27
:10AF2000F1E78C480078012806D1F5F7D3FD18B178
:10AF30000A2000F04BFEE6E70020864908708649AB
:10AF40000870FAE08549844A127851F8221008689E
:10AF5000804700287ED081487F49097850F8210039
:10AF6000B0F9040040F6FF71884212DA7B487A4952
:10AF7000097850F82100B0F90400002809DB77496E
:10AF8000754A127851F82210081D8988491C09B2A7
:10AF9000018072487049097850F82100C079012871
:10AFA0001AD16E486C49097850F82100B0F90400B4
:10AFB0005A284BDB6949684A127851F8220001F09F
:10AFC0001FFE6748FFF7FAFE46216448624A12787E
:10AFD00050F82200818039E060485F49097850F8D4
:10AFE00021008079B8B95D485B49097850F82100A3
:10AFF000B0F904005A2829DB5849574A127851F809
:10B00000220001F0E5FC01F043FC00B190E054485F
:10B01000FFF7D4FE1AE051484F49097850F8210053
:10B02000B0F90400FA2811DB4E480078C0F3801014
:10B0300010B14DA0FCF73CFD4849474A127851F841
:10B04000220001F0C5FC0120F5F7D0F900204C49A1
:10B05000088000E003E03E49A1F80F0067E048489F
:10B060000088232842DA4648008804283EDB3B4813
:10B070003949097850F82100B0F90400022801DAB2
:10B0800000200BE035483449097850F82100B0F928
:10B090000400452801DC012000E0002070B12F49A8
:10B0A0002D4A127851F8220001F0AAFD2B482A49B6
:10B0B000097850F82100807900BB1CE02748264918
:10B0C000097850F82100B0F904005A2816DB23490A
:10B0D000214A127851F8220001F07AFC1F481E49DB
:10B0E000097850F82100807940B904E024480088AC
:10B0F000232803D100BF1A48FFF760FE16480078E6
:10B1000050B91F4800884FF6FF71884204DA1C4886
:10B110000088401C1A49088019480088052806D173
:10B1200000200E490C4A127851F82210888000BF86
:10B1300009480078401C0849087007480078114900
:10B1400009788842FFF6FEAE0A2000F03FFDDAE6FD
:10B1500088990020880200208F020020A49F0020F0
:10B16000989F0020340100204B65795F5461736B18
:10B170003AB4A5B7A2B3A4B0B4CAC2BCFE0D0A00CB
:10B180008A0200208E0200201CB501F0A3FB0548B6
:10B1900002210023CA01CDE9001003A1054803F0F4
:10B1A00041FD1CBD5C020020624B65795461736BEC
:10B1B0000000000005AF010810B501F055FE01F0D8
:10B1C0006DFE10BD00BF17480078072805D2DFE8E4
:10B1D00000F004051806190F1A0000BF00BF002078
:10B1E0004FF0804108644FF47A7000F0EFFC17E0F4
:10B1F00040F2E7304FF080410864401C00F0E6FC6C
:10B200000EE000BF00BF08480078012805D140F2D9
:10B21000E7304FF08041086401E001F0F7FD00BF26
:10B22000D1E7000088990020A80200201CB5FFF794
:10B23000C3FF0548012100234022CDE9001003A1EE
:10B24000044803F0EFFC1CBD9C0200204C656454D4
:10B2500061736B00C5B1010800B587B040F20360AF
:10B26000FCF7AEFA4023032218215248FAF7D0FE29
:10B270008023032218214F48FAF7CAFE4FF4807347
:10B28000032218214B48FAF7C3FE4FF40073032240
:10B2900018214848FAF7BCFE40F20270FCF790FA19
:10B2A0004548FCF789FF6846FDF752F81F20ADF8C6
:10B2B00000000020ADF80200ADF8040040F2E730D5
:10B2C00002900020ADF806008DF80C0069463A485F
:10B2D000FCF7E6FF0120ADF810000020ADF81400E7
:10B2E000ADF8180004AA00213348FCF701FE002243
:10B2F00011463148FCF71FFF602200212E48FCF761
:10B30000EDFE002211462C48FCF728FF04AA01217B
:10B310002948FCF7EDFD002201212748FCF70BFF2F
:10B32000602201212448FCF7D9FE00220121224895
:10B33000FCF714FF04AA02211F48FCF7D9FD0022E4
:10B3400002211D48FCF7F7FE602202211A48FCF793
:10B35000C5FE002202211848FCF700FF04AA0321C1
:10B360001548FCF7C5FD002203211348FCF7E3FE56
:10B37000602203211048FCF7B1FE002203210E4891
:10B38000FCF7ECFE0C48FCF7ADFD0B48FCF782FF28
:10B390000020094934310860091D0860091D086052
:10B3A000091D08600549C88008814881888107B067
:10B3B00000BD0000000C014000080040CCA00020AF
:10B3C00000BFF5F7EDFD00285DD04FF47A753949DF
:10B3D000088C642801DAC82507E0B0F5C87F02DAD6
:10B3E0004FF4FA7501E04FF47A75324890ED070A90
:10B3F000F0EE040AB4EEE00AF1EE10FA0DDD0023DF
:10B400001A461946184601F04BFD00202A49887358
:10B410004FF4FA7000F0DAFBD3E72748807B48B39B
:10B42000012802D0022824D114E04FF4FA706843B6
:10B430004FF47A7190FBF1F084B2032094FBF0F0AA
:10B4400086B204EBD470411000233246204601F04E
:10B4500027FD16E04FF47A7068434FF47A7190FB41
:10B46000F1F084B2234622462146204601F018FD21
:10B4700007E000BF00231A461946184601F010FDE8
:10B4800000BF00BF0BE00C48807B40B100200A49A0
:10B49000887300231A461946184601F001FDC82397
:10B4A0001A461946184601F0FBFCC82000F08EFB36
:10B4B00087E70000589F0020CCA000201CB5FFF7B4
:10B4C000CBFE00200849C8800881488188818873A4
:10B4D000064801210023C022CDE9001004A107483D
:10B4E00003F0A0FB1CBD0000CCA00020C80600207B
:10B4F0004C696768745461736B000000C1B3010844
:10B5000000F1080141604FF0FF31816000F1080156
:10B51000C160016100210160704700210161704735
:10B5200010B502460B685C1C0CB9106907E002F10B
:10B53000080000E04068446824689C42FAD94468E6
:10B540004C604C68A160886041600A611468641CAA
:10B55000146010BD42684A6093688B6093685960BC
:10B560009160086103685B1C0360704700BF202086
:10B5700080F31188BFF34F8FBFF36F8F00BF0E486A
:10B580000068401C0C49086008460068012812D178
:10B590000A480068C0B208B9012000E0002050B994
:10B5A00000BF202080F31188BFF34F8FBFF36F8F50
:10B5B00000BF00BFFEE770477800002004ED00E008
:10B5C0000D48006850B900BF202080F31188BFF3F8
:10B5D0004F8FBFF36F8F00BF00BFFEE706480068C4
:10B5E000401E054908600846006820B9002080F325
:10B5F000118800BF00BF70477800002070B5064674
:10B600003546002E44D0083D2C4622496068096822
:10B61000084008B1012000E0002050B900BF202000
:10B6200080F31188BFF34F8FBFF36F8F00BF00BF50
:10B63000FEE7206808B9012000E0002050B900BFF3
:10B64000202080F31188BFF34F8FBFF36F8F00BFAF
:10B6500000BFFEE70F49606809680840C0B1206874
:10B66000B0B90C49606809688843606000F0DAFC92
:10B670000949606809680844074908602046FBF7E3
:10B68000ABFC06480068401C0449086003F080FEDB
:10B6900070BD0000740000206400002070000020D5
:10B6A00000204FF0E02108618861064800684FF4EF
:10B6B0007A71B0FBF1F0401E4FF0E02148610720A5
:10B6C000086170470000002070B5F1F799FD04464D
:10B6D000102C16D304F1E02090F8F05315480078B0
:10B6E000854201DB012000E0002050B900BF20208E
:10B6F00080F31188BFF34F8FBFF36F8F00BF00BF80
:10B70000FEE70D48006800F4E0600C4909688842D3
:10B7100001D8012000E0002050B900BF202080F3B4
:10B720001188BFF34F8FBFF36F8F00BF00BFFEE7DD
:10B7300070BD00007C0000200CED00E080000020C7
:10B7400010B501F0E7FB01F07DFD10BD10B5012043
:10B7500002F0E4FD0149086010BD0000580100201E
:10B7600000BF2048006848B91E48006808B9F6F7CD
:10B77000DBF84FF4FA7000F029FAF2E71948006894
:10B78000D0F80F0058B117480068807A38B91548CA
:10B790000068D0F80F1013480068884720E011486F
:10B7A0000068D0F80F0020B10E480068807A0128A8
:10B7B00016D10C4800681730FAF78FFD20B90A221D
:10B7C00001210020FDF7DCFC06480068D0F80B00E2
:10B7D00030B104480068D0F80B1002480068884770
:10B7E000BFE700003C01002000B587B040F20260D6
:10B7F000FBF7E6FF4FF48073032218212948FAF77C
:10B8000007FC40F20B60FBF7DBFF2748FCF7D4FC9A
:10B810006846FCF79DFD1F20ADF800000020ADF844
:10B820000200ADF8040040F2E73002900020ADF8CD
:10B8300006008DF80C0069461B48FCF731FD01201D
:10B84000ADF810000020ADF81400ADF81800ADF808
:10B850001200ADF81600ADF81A0004AA0021124833
:10B86000FCF746FB002211460F48FCF764FC6022FF
:10B8700000210D48FCF732FC002211460A48FCF773
:10B880006DFC0948FCF72EFB01210748FCF754FD2D
:10B890000548FCF7FFFC002003493431086007B07D
:10B8A00000BD000000080140002C01402DE9F041DE
:10B8B00005460E4617462C46FFF758FE94F94400FD
:10B8C000401C10B9002084F8440094F94500401C45
:10B8D00010B9002084F84500FFF772FEA06B28B96C
:10B8E0003A46314604F1240000F06AFA2046FBF79C
:10B8F0006AFDBDE8F08100B5024600F001F800BD28
:10B900000548B0F80D0028B10348B0F80D00024911
:10B91000A1F80B00704700008899002000BF224862
:10B92000006830B9F6F7A4FB4FF4FA7000F04EF956
:10B93000F5E71E480078072803D001F0CFFC01F09E
:10B94000A9FD19480068D0F80F0058B116480068E2
:10B95000807A38B914480068D0F80F10124800688F
:10B96000884720E010480068D0F80F0020B10E484A
:10B970000068807A012816D10B4800681730FAF762
:10B98000ACFC20B9642200210846FDF7F9FB06480B
:10B990000068D0F80B0030B103480068D0F80B10F5
:10B9A000014800688847BAE71801002088990020FC
:10B9B0001CB5F5F715FB00B91CBDF6F759FB00B92E
:10B9C000FAE70648032100234FF48072CDE9001006
:10B9D00003A1064803F026F900BFEDE7140100209B
:10B9E000625379735461736B000000001DB9010844
:10B9F00010B53F480078401C3D4908700846007863
:10BA0000022843DB002008703A48007807283BD220
:10BA1000DFE800F03A040D161F28310036480078A0
:10BA200000F0010010B135A0FCF742F82DE03248DB
:10BA3000007800F0010010B136A0FCF739F824E0DE
:10BA40002D48007800F0010010B139A0FCF730F863
:10BA50001BE02948007800F0010010B13BA0FCF782
:10BA600027F812E02448007800F0010010B13DA052
:10BA7000FCF71EF809E02048007800F0010010B142
:10BA80003FA0FCF715F800E000BF00BFF5F788FA0B
:10BA900000B910BD1748B0F80D0038B31548B0F81C
:10BAA0000B0018B31348B0F80B00401E1149A1F861
:10BAB0000B000846B0F80B00C0B900210120F4F7D4
:10BAC00069FE002211461046F7F74AF90A48007845
:10BAD00000F0010020B908480078C0F3C00028B188
:10BAE0000448B0F80D102CA0FBF7E2FF00BFD0E730
:10BAF00022010020889900203401002062537973CC
:10BB00005461736B203D2044535F494E49542021BA
:10BB10000D0A0000625379735461736B203D204419
:10BB2000535F434C4F53494E4720210D0A000000FC
:10BB3000625379735461736B203D2044535F5348C3
:10BB400055545F444F574E20210D0A0062537973BC
:10BB50005461736B203D2044535F45525220210DA8
:10BB60000A000000625379735461736B203D2044D6
:10BB7000535F424F4F54494E4720210D0A000000A9
:10BB8000625379735461736B203D2044535F574F68
:10BB9000524B20210D0A0000625379735461736B7C
:10BBA0003A3D3D3D3DB5B9BCC6CAB1BDE1CAF82C70
:10BBB000BDF8C8EBB9D8BBFA2020CAB1BCE43D251A
:10BBC00064533D3D3D3D0D0A0000000070B5044644
:10BBD0000025F4B11448006808B9012000E00020F5
:10BBE00050B900BF202080F31188BFF34F8FBFF3FF
:10BBF0006F8F00BF00BFFEE700F014FA214623203C
:10BC0000F2F79CFA00212046FAF7F4FE03F0C0FB9D
:10BC100005463DB94FF0805004490860BFF34F8F8F
:10BC2000BFF36F8F70BD00004000002004ED00E006
:10BC300070B50546FFF79AFC15B93D48006800E06D
:10BC400028460446201DFEF77EF878B9E06A00EB2E
:10BC50008000384951F8200040B994F82C10012098
:10BC6000884035490968814333480160A06A18B1AA
:10BC700004F11800FEF767F830480068401C2F49AF
:10BC800008602B480068844214D1211D2C48FFF71E
:10BC900061FC2C480068401C2A4908602046F2F7E5
:10BCA000D5FC064631462220F2F748FA2046F2F744
:10BCB0000BFE11E024480068401E2349086020461E
:10BCC000F2F7C4FC064631462220F2F737FA204646
:10BCD000F2F7FAFDFBF7FAFAFFF772FC1448006876
:10BCE000844202D02046FBF707F818480068E8B104
:10BCF0000F480068844219D11548006808B901202E
:10BD000000E0002050B900BF202080F31188BFF36D
:10BD10004F8FBFF36F8F00BF00BFFEE74FF0805023
:10BD20000C490860BFF34F8FBFF36F8F70BD0000E9
:10BD300004000020F00600201C000020300000203D
:10BD4000CC0700201000002014000020200000205C
:10BD50004000002004ED00E0034909680160034948
:10BD600009684160704700002C0000201800002086
:10BD70000120014908607047280000200148006840
:10BD8000343070470400002070B504460D4654B9A5
:10BD900000BF202080F31188BFF34F8FBFF36F8F58
:10BDA00000BF00BFFEE70548016818312046FFF7D5
:10BDB000B7FB01212846FAF71DFE70BD04000020E4
:10BDC00070B504460E46154654B900BF202080F3D6
:10BDD0001188BFF34F8FBFF36F8F00BF00BFFEE727
:10BDE000606810490968C8610E49826809680A627A
:10BDF0000C4909681831826851600A49096818318C
:10BE00008160084909688C622168491C21600DB174
:10BE10004FF0FF362420F2F7A5FA29463046FAF70C
:10BE2000E9FD70BD040000202DE9F04706460F46ED
:10BE300034464FF00109002E7ED0E06C50B900BFAF
:10BE4000202080F31188BFF34F8FBFF36F8F00BFA7
:10BE500000BFFEE7A06CB84201D23D4600E0A56CF1
:10BE6000E06AA8426DD0E06C01286AD136480068CB
:10BE7000844201D0012000E0002050B900BF202002
:10BE800080F31188BFF34F8FBFF36F8F00BF00BFE8
:10BE9000FEE731464A20F2F751F9D4F82C80E562EA
:10BEA000A06900F0004010B9C5F10800A06108EBDE
:10BEB0008801264A02EB81016069884201D1012094
:10BEC00000E00020C0B3201DFDF73DFF40B994F80D
:10BED0002C10012088401E49096881431C480160DC
:10BEE0002046F2F78FF894F82C100120884018496A
:10BEF0000968084316490860E16A01EB8101134AA9
:10BF000002EB81014868A0608268E260211D8268BE
:10BF100051608160E16A01EB81010C4A02EB810210
:10BF20006261E16A01EB8101084A52F82110491C63
:10BF3000E26A02EB820200E003E0044B43F82210C5
:10BF400000BFBDE8F087000004000020F0060020DC
:10BF50001C00002001480068006B704704000020AE
:10BF600001480068406C7047040000201CB524485C
:10BF700000210B468022CDE9001022A1234802F0C7
:10BF800051FE0446012C02D103F0DCFA0446012CD8
:10BF900022D100BF202080F31188BFF34F8FBFF361
:10BFA0006F8F00BF4FF0FF30194908600120194919
:10BFB000086000201849086018480068104909689E
:10BFC000884202D1F1F7A0FF03E014480068F1F7BE
:10BFD000E7FF02F0DBF810E0601C08B1012000E090
:10BFE000002050B900BF202080F31188BFF34F8F8D
:10BFF000BFF36F8F00BF00BFFEE7094800681CBD9C
:10C000003800002049444C4500000000C56D01087F
:10C010003400002020000020180000200400002030
:10C020003C00002002480068401C0149086070473D
:10C030004000002010B52348006818B101202249B3
:10C0400008603EE000202049086020480068B0FAFF
:10C0500080F0C0F11F0101EB81001D4A52F8200061
:10C0600008B1012000E0002050B900BF202080F37B
:10C070001188BFF34F8FBFF36F8F00BF00BFFEE784
:10C0800001EB8102124B03EB82004268526842606E
:10C0900000F108024368934202D14268526842604C
:10C0A0004268D2680B4B1A60184600680A49096852
:10C0B000884202D1F1F728FF03E006480068F1F753
:10C0C0006FFF10BD40000020280000201C00002051
:10C0D000F0060020040000203800002010B50446BF
:10C0E00007480078401C06490870084600780A286E
:10C0F00005DB00200870FFF77BFCFEF779FC10BD24
:10C100001001002038B50B4801231A466421009025
:10C1100009A003F0FBF90B49086002F0B9FE0446E0
:10C12000002003462246012100900648006803F0E3
:10C1300035FA38BDDDC0010872657065745F7469D9
:10C140006D6572000C01002010B518211748F1F739
:10C1500021F930211648F1F71DF918211548F1F79A
:10C1600019F918211448F1F715F918211348F1F7B6
:10C1700011F930211248F1F70DF930211148F1F78A
:10C1800009F930211048F1F705F930210F48F1F78E
:10C1900001F918210E48F1F7FDF818210D48F1F7C3
:10C1A000F9F818210C48F1F7F5F810BDC09D0020F2
:10C1B000D89D0020089E0020209E0020389E002050
:10C1C000509E0020809E0020B09E0020E09E002017
:10C1D000109F0020289F0020409F002038B5054672
:10C1E0000C46022C09D10020022302460146009091
:10C1F0000348006802F046FD00E000BF00BF38BD04
:10C200001401002038B505460C46022C09D1002047
:10C2100002230246014600900348006802F032FD06
:10C2200000E000BF00BF38BD3801002038B505462A
:10C230000C46022C09D10020022302460146009040
:10C240000348006802F01EFD00E000BF00BF38BDDB
:10C25000A402002010B54FF4C060FBF7B1FA40F221
:10C260000360FBF7ADFA01210548F9F72FFF4FF402
:10C270008063032218210348F9F7CAFE10BD0000AD
:10C2800000021800000C014000B587B04FF4E060D8
:10C29000FBF796FA4FF08040FBF78EFF6846FCF7FD
:10C2A00057F83C20ADF800000020ADF80200ADF8D2
:10C2B000040040F2E73002900020ADF806008DF84F
:10C2C0000C0069464FF08040FBF7EAFF0120ADF813
:10C2D00010000020ADF81400ADF8180004AA0221E7
:10C2E0004807FBF705FE04AA03214FF08040FBF747
:10C2F000FFFD002202214807FBF71DFF60220221FB
:10C300004807FBF7EBFE002202214807FBF726FF58
:10C31000002203214FF08040FBF70DFF6022032134
:10C320004FF08040FBF7DAFE002203214FF08040FF
:10C33000FBF714FF01218807FBF7FEFF4FF0804059
:10C34000FBF7D0FD4FF08040FBF7A4FF00204FF03B
:10C350008041C86307B000BD05480021016041600D
:10C36000012003498870B4208880012048707047FC
:10C37000A802002010B50446607820B1012813D02F
:10C38000022824D119E017488078052802D005201A
:10C39000F4F7F8F81448007808B1FEF7B3FAFE2174
:10C3A0002046F6F728FC00BF01210846F4F7F2F911
:10C3B000FE212046F6F71FFC00BF04F11700F9F735
:10C3C0008CFF18B1FF212046F6F715FC04E0FF2191
:10C3D0002046F6F710FC00BF00BF6420FFF7F6FB15
:10C3E00010BD0000A8020020B002002010B50446D5
:10C3F000607810B1012815D10FE00F48807802282D
:10C4000002D00220F4F7BEF800210120F4F7C2F9AF
:10C41000FE212046F6F7EFFB09E0FF212046F6F764
:10C42000EAFB04E0FF212046F6F7E5FB00BF00BF72
:10C430006420FFF7CBFB10BDA802002070B50446B6
:10C44000607810B101281AD10FE0124880780428D2
:10C4500002D00420F4F796F801210846F4F79AF97F
:10C46000FE212046F6F7C7FB0EE0FCF7DDFF054690
:10C47000642D03DBFF212046F6F7BDFB04E0FF211E
:10C480002046F6F7B8FB00BF00BF6420FFF79EFB15
:10C4900070BD0000A802002010B50446607810B1FD
:10C4A00001281FD10FE014488078012802D0012014
:10C4B000F4F768F800210846F4F76CF9FE212046ED
:10C4C000F6F799FB00BFFEF71DFA0C48808820F4B0
:10C4D000804000F5804009498880FF212046F6F71A
:10C4E0008AFB04E0FF212046F6F785FB00BF00BF72
:10C4F0006420FFF76BFB10BDA80200208899002084
:10C5000010B5044604F11700F9F7E7FE18B1FF2152
:10C510002046F6F770FB607810B1012815D10FE0C6
:10C520000F480078032802D003200D49087000212D
:10C530000846F4F72FF9FE212046F6F75CFB09E0E8
:10C54000FF212046F6F757FB04E0FF212046F6F7CF
:10C5500052FB00BF00BF6420FFF738FB10BD000096
:10C560008899002010B5044604F11700F9F7B5FECC
:10C5700018B1FF212046F6F73EFB1A48007828B98B
:10C58000002060706420FFF721FB10BD607810B1BF
:10C5900001281CD114E013488078062802D0062018
:10C5A000F3F7F0FF01210846F4F7F4F80E4800789D
:10C5B00008B1FEF7A7F9FE212046F6F71CFB0BE0B9
:10C5C000FEF760FAFF212046F6F715FB04E0FF2195
:10C5D0002046F6F710FB00BF00BF6420FFF7F6FA15
:10C5E00000BFD2E7A8020020B00200202DE9F041F0
:10C5F00005460C4605B10CB9BDE8F0813DE0802C44
:10C6000001D9802000E020460646324629461D48D2
:10C61000F0F799FE04211C48F7F72FFC194A042172
:10C620001948F7F7A4FD324604211748F7F7E4FD4F
:10C63000012204211448F7F7EFFC04211248F7F710
:10C6400035FC4FF6FF7700E07F1E022204210E48E2
:10C65000F7F7EAFC08B9002FF6D104210A48F7F7EA
:10C660000CFC012204210848F7F7D6FCFAF75AF926
:10C6700007B9C1E73544A01B84B2002CBFD100BF6D
:10C68000BAE700004CA00020000002407CB5044640
:10C690000E480F4B0F4A104900902046FCF7DFFA76
:10C6A00001A8FCF7B5F905460C480D4B00909DF824
:10C6B000042029462046FBF7AFFF2046FCF7B3FADB
:10C6C00000212046FCF7C1FA7CBD0000D59001088E
:10C6D000C98C01089F8D0108598F010820FA0108B3
:10C6E0002189010800B587B04FF4C060FBF768F8F6
:10C6F00040F20170FBF764F840F20460FBF760F869
:10C7000001215048F9F7E2FC4023032218214E484A
:10C71000F9F77EFC8023032218214B48F9F778FCB7
:10C720004FF48073032218214748F9F771FC4FF446
:10C730000073032218214448F9F76AFC4348FBF7C9
:10C740003BFD6846FBF704FE1F20ADF8000000200B
:10C75000ADF80200ADF8040040F2E730029000208E
:10C76000ADF806008DF80C0069463848FBF798FDD7
:10C770000120ADF810000020ADF81400ADF818004D
:10C7800004AA00213148FBF7B3FB002211462F48D1
:10C79000FBF7D1FC602200212C48FBF79FFC002214
:10C7A00011462A48FBF7DAFC04AA01212748FBF7C7
:10C7B0009FFB002201212548FBF7BDFC60220121DF
:10C7C0002248FBF78BFC002201212048FBF7C6FC26
:10C7D00004AA02211D48FBF78BFB002202211B4803
:10C7E000FBF7A9FC602202211848FBF777FC002226
:10C7F00002211648FBF7B2FC04AA03211348FBF7F9
:10C8000077FB002203211148FBF795FC60220321EE
:10C810000E48FBF763FC002203210C48FBF79EFC4B
:10C820000A48FBF75FFB0948FBF734FD0020074986
:10C8300034310860054940310860091F086007B0BD
:10C8400000BD0000000C1A00001001400004004070
:10C85000B1F57A7F01DA0A4601E04FF47A721146A7
:10C8600010B9034A116002E0014A121F11607047BB
:10C8700040040040B0F57A7F01DA014601E04FF450
:10C880007A7108460149086070470000340400408E
:10C8900008B50020009000900FE00C489DF80010B3
:10C8A00050F82100B0F90400002801DD012008BD86
:10C8B0009DF80000401CC0B200909DF800000449A3
:10C8C00009788842E9DB0020F1E70000A49F0020FE
:10C8D0008E02002010B540F20460FAF771FF4FF4A9
:10C8E0000053022248212E48F9F792FB40F20460DF
:10C8F000FAF766FF4FF48043022248212848F9F7EF
:10C9000087FB40F20460FAF75BFF4FF4004302221A
:10C9100048212348F9F77CFB40F20460FAF750FF06
:10C920004FF48053022248211D48F9F771FB40F271
:10C930000560FAF745FF0423022248211948F9F758
:10C9400067FB00201849C8718871184808600846BC
:10C9500000F044F900201649C87188711548086034
:10C96000084600F03BF900201349C871887113484C
:10C970000860084600F032F900201149C87188713A
:10C9800010480860084600F029F900200E49C871D7
:10C9900088710E480860084600F020F910BD0000BC
:10C9A000001001400014014060020020D50A010877
:10C9B00068020020050B010870020020650B0108C9
:10C9C00078020020A50A010880020020350B01082A
:10C9D00010B504465548007890B9F4F7E1FA78B1FB
:10C9E00000210120F3F7D6FE4FF0FF30A080504821
:10C9F0000078C0F3801010B14EA0FBF759F810BDBD
:10CA0000554884421AD101205449554A1288885405
:10CA100053480088092804DA51480088401C5049CE
:10CA200008804FF0FF30A08041480078C0F38010AC
:10CA3000002878D04BA0FBF73BF874E04E488442C6
:10CA40001AD104204549464A12888854444800882F
:10CA5000092804DA42480088401C414908804FF008
:10CA6000FF30A08032480078C0F3801000285AD0F0
:10CA700042A0FBF71DF856E0454884421AD1072131
:10CA80003648374A1288815435480088092804DA24
:10CA900033480088401C324908804FF0FF30A080A6
:10CAA00023480078C0F3801000283CD039A0FAF762
:10CAB000FFFF38E03C48844219D10A202749284A20
:10CAC0001288885426480088092804DA24480088F7
:10CAD000401C234908804FF0FF30A08014480078A4
:10CAE000C0F38010F8B131A0FAF7E2FF1BE0344840
:10CAF000844218D10D211948194A128881541848C6
:10CB00000088092804DA16480088401C1449088067
:10CB10004FF0FF30A08006480078C0F3801010B1BD
:10CB200028A0FAF7C5FF00BF69E70000A8020020AF
:10CB3000340100204B65795F5461736B3AB5B1C71E
:10CB4000B0CFA2C6C12CB0B4BCFCB9A6C4DCCDCB5E
:10CB5000B3F60D0A0000000060020020989F00203C
:10CB60008C0200204B65795F5461736B3AB5E7D452
:10CB7000B4B3A4B0B40D0A00680200204B65795F1D
:10CB80005461736B3A4C656674B3A4B0B40D0A007B
:10CB9000700200204B65795F5461736B3A5570B336
:10CBA000A4B0B40D0A000000780200204B65795F44
:10CBB0005461736B3A446F776EB3A4B0B40D0A003E
:10CBC000800200204B65795F5461736B3A5269674C
:10CBD0006874B3A4B0B40D0A000000000649074A07
:10CBE000127841F822000021818004490978491C0B
:10CBF000024A117070470000A49F00208E0200209E
:10CC000010B504465548007890B9F4F7C9F978B1E1
:10CC100000210120F3F7BEFD4FF0FF30A080504807
:10CC20000078C0F3801010B14EA0FAF741FF10BD9C
:10CC3000554884421AD102205449554A12888854D2
:10CC400053480088092804DA51480088401C50499C
:10CC500008804FF0FF30A08041480078C0F380107A
:10CC6000002878D04BA0FAF723FF74E04E488442A6
:10CC70001AD105204549464A1288885444480088FC
:10CC8000092804DA42480088401C414908804FF0D6
:10CC9000FF30A08032480078C0F3801000285AD0BE
:10CCA00042A0FAF705FF56E0454884421AD1082110
:10CCB0003648374A1288815435480088092804DAF2
:10CCC00033480088401C324908804FF0FF30A08074
:10CCD00023480078C0F3801000283CD039A0FAF730
:10CCE000E7FE38E03C48844219D10B202749284A06
:10CCF0001288885426480088092804DA24480088C5
:10CD0000401C234908804FF0FF30A0801448007871
:10CD1000C0F38010F8B131A0FAF7CAFE1BE0344826
:10CD2000844218D10E211948194A12888154184892
:10CD30000088092804DA16480088401C1449088035
:10CD40004FF0FF30A08006480078C0F3801010B18B
:10CD500028A0FAF7ADFE00BF69E70000A802002096
:10CD6000340100204B65795F5461736B3AB5B1C7EC
:10CD7000B0CFA2C6C12CB0B4BCFCB9A6C4DCCDCB2C
:10CD8000B3F60D0A0000000060020020989F00200A
:10CD90008C0200204B65795F5461736B3AB5E7D420
:10CDA000B4B6CCB0B40D0A00680200204B65795FC0
:10CDB0005461736B3A4C656674B6CCB0B40D0A001E
:10CDC000700200204B65795F5461736B3A5570B601
:10CDD000CCB0B40D0A000000780200204B65795FEA
:10CDE0005461736B3A446F776EB6CCB0B40D0A00E1
:10CDF000800200204B65795F5461736B3A5269671A
:10CE00006874B6CCB0B40D0A000000001448007875
:10CE100000EB001101EB40104FF080410864114815
:10CE2000007828B90E480078401C0D49087007E0CA
:10CE30000B48007820B10A480078401E0849087065
:10CE400007480078142803DB01200649087005E034
:10CE50000348007810B900200249087070470000AC
:10CE6000A0020020A102002010B54FF4C060FAF724
:10CE7000A7FC01210748F9F729F940F20360FAF706
:10CE80009FFC4FF40063032218210348F9F7C0F810
:10CE900010BD000000031800000C014070470000A6
:10CEA00030B5B0F57A7F01DA044601E04FF47A74C8
:10CEB000164DEC80B1F57A7F01DA0C4601E04FF4B3
:10CEC0007A74124D2C81B2F57A7F01DA144601E0B2
:10CED0004FF47A740D4D6C81B3F57A7F01DA1C46FC
:10CEE00001E04FF47A74094DAC812C46E488084D7A
:10CEF0002C60064C24892D1D2C60044C64892D1D4A
:10CF00002C60024CA4892D1D2C6030BDCCA00020CB
:10CF10003408004010B54FF4C060FAF751FC40F2FD
:10CF20000260FAF74DFC4FF4007303221821074802
:10CF3000F9F76EF840F20260FAF742FC4FF48063B2
:10CF4000032248210148F9F763F810BD00080140A9
:10CF500010B5234923A0FAF7ABFD2149203127A0C2
:10CF6000FAF7A6FD1E49403124A0FAF7A1FD1C489E
:10CF7000016E28A0FAF79CFD194890F864102AA0C9
:10CF8000FAF796FD164890F865102DA0FAF790FD77
:10CF90003248B0F8601032A0FAF78AFD2F4937A066
:10CFA000FAF786FD2D4920313BA0FAF781FD2B4988
:10CFB000403139A0FAF77CFD3EA0FAF779FD002454
:10CFC00007E02648623030F814103FA0FAF770FDF1
:10CFD000641C062CF5DB0EA0FAF76AFD10BD0000FC
:10CFE00020990020426F6F743A2056657273696F02
:10CFF0006E09093A2025730D0A000000426F6F7414
:10D000003A206275696C6454696D65093A2025732C
:10D010000D0A0000426F6F743A20756C436D64090D
:10D02000093A2025780D0A00426F6F743A20654155
:10D0300070705374617465093A2025640D0A00000C
:10D04000426F6F743A2075634170704661756C74FD
:10D05000436E743A2025640D0A000000A498002055
:10D06000415050203A207573496E697446696E6963
:10D0700073683A2025780D0A0000000041505020C6
:10D080003A2056657273696F6E20202020203A2066
:10D0900025730D0A00000000415050203A206275AF
:10D0A000696C6454696D652020203A2025730D0A4F
:10D0B00000000000415050203A207573556E697190
:10D0C0007565494420203A002025782000000000A2
:10D0D00070B50446002504F11700F9F7FEF820B1F9
:10D0E000FF212046F5F787FD70BDF5F799FF104841
:10D0F000F9F7F3F808B1F3F721FE0E480068F5F7E9
:10D10000B7FB0546002D03DD0A480068F6F70AF86C
:10D11000607800B904E0FF212046F5F76CFD00BF00
:10D1200000BF322200210846FCF72AF800BFDBE7E7
:10D13000A89900205001002070B5C0B00446608856
:10D14000C6B24FF480716846F0F724F9607810B1E8
:10D1500002282FD129E0D4F82F0020B9FF21204642
:10D16000F5F749FD2BE004F12F00F9F7B6F8C5B249
:10D17000B54202D1D4F82F0020B9FF212046F5F79F
:10D180003AFD1CE02A46694604F12F00F9F7CAF877
:10D1900031466846F6F79BF9002804DDFE2120465B
:10D1A000F5F729FD00E00AE000BFFF212046F5F772
:10D1B00022FD04E0FF212046F5F71DFD00BF00BF62
:10D1C0002089401C20812089642803DDFF2120461E
:10D1D000F5F711FD322201210020FBF7D1FF40B00D
:10D1E00070BD70B504466588607810B1012811D112
:10D1F0000BE02846F6F7DDF8002804DDFE21204686
:10D20000F5F7F9FC00E00AE000BFFF212046F5F742
:10D21000F2FC70BDFF212046F5F7EDFC00BF00BF1A
:10D220002089401C208120893C2803DDFF212046E5
:10D23000F5F7E1FC322201210020FBF7A1FF00BF3E
:10D24000E7E7000010B540F20E60FAF7B9FA1F48A0
:10D25000FCF79EFC4FF4E1311C48FCF74DFC00212B
:10D260001A48FCF768FD00211848FCF752FD002120
:10D270001648FCF73CFD00211448FCF7EFFC0021A8
:10D280001248FCF7E1FC04211048FCF738FD0821A6
:10D290000E48FCF746FD002202212520F9F746FA48
:10D2A0000B490A48FCF7FEFC40F205310748FCF741
:10D2B000ECFC08490548FCF7F5FC40F2073103484F
:10D2C000FCF7D6FC0148FCF7ABFC10BD0038014070
:10D2D000050305000703070070470000F8B50020AC
:10D2E0000090674800680078012809D06448006809
:10D2F0000078022804D0624800680078032800D132
:10D30000F8BD5F4800680078062804D05C480068D3
:10D310000078072802D10A20009001E064200090E4
:10D32000FF25002400265748A0F81560B0F9150025
:10D33000A04203DD5348B0F9150000E02046044642
:10D340005048A0F81350A0F8114000204D49A1F812
:10D350001B00A1F81D004C48C07B062808D10846D8
:10D36000B0F81B004849898808444649A1F81B00C9
:10D37000FAF7FAFBD8B943484078C0F3800050BBB5
:10D3800042480088401C41490880BDF800004FF425
:10D390007A7191FBF0F03D49098888421BDA002040
:10D3A0003A49088001210320F3F7D0FF13E0002061
:10D3B0003649088033484078C0F3800058B131487E
:10D3C000B0F8010020F004002E49A1F8010000216E
:10D3D0000320F3F7BBFFFAF7C7FB00281EDAF3F7C9
:10D3E000CDFDD8B927484078C0F3C00050BB2848CD
:10D3F0000088401C26490880BDF800004FF47A716F
:10D4000091FBF0F02249098888421BDA002020496C
:10D41000088001210420F3F799FF13E000201C4944
:10D42000088018484078C0F3C00058B11548B0F8DB
:10D43000010020F008001349A1F801000021042098
:10D44000F3F784FF0F48407800F0010018B1002185
:10D450000120F3F77BFF0B484078C0F3400018B180
:10D4600000210220F3F772FF06484078C0F3001055
:10D4700018B100210520F3F769FF00BF40E7000065
:10D480002801002088990020CCA000201E01002047
:10D490002001002008B5002000903A4800780128BB
:10D4A00008D101210020F4F719F901210846F4F709
:10D4B00015F908BD344800680078012804D100211E
:10D4C0000320F4F70BF9F4E72F48006800780228EE
:10D4D00009D02D4800680078062804D02A48006842
:10D4E0000078072802D10A20009001E06420009013
:10D4F0002648C078C0F3800040B92448007802284C
:10D5000004D022484078C0F3800048B11F48C0785A
:10D5100000F0010068B100210846F4F7DFF808E0E8
:10D520001A48C07800F0010018B901210020F4F772
:10D53000D5F81648C078C0F3800068B91348007861
:10D54000022809D011484078C0F3401020B90F4894
:10D550004078C0F3C00048B10C48C078C0F3400028
:10D5600068B100210120F4F7B9F808E00748C07855
:10D57000C0F3400018B901210846F4F7AFF800BF26
:10D5800097E700001C010020280100208899002056
:10D590003EB50446607830B1012811D0022814D07D
:10D5A000032820D116E027480078052803DA002157
:10D5B0000520F3F7A3FDFE212046F5F71CFB00BF75
:10D5C000FE212046F5F717FB0EE0FE212046F5F779
:10D5D00012FB00BF00210620F3F790FDFF2120463B
:10D5E000F5F709FB00E000BF00BF2089401C208147
:10D5F0002089B0F57A7F20DD6078FF281DD01248A1
:10D60000007800F0010020B90F480078C0F3C00096
:10D6100058B160780DA16F22154BCDE90021029021
:10D6200014A21FA10220F7F79FF901210820F3F7A8
:10D630008DFEFF212046F5F7DEFA0A20FEF7C6FA36
:10D640003EBD0000889900203401002062537973A8
:10D650005461736B3AC6F4B6AFC8CECEF1B5C8B458
:10D66000FDB3ACCAB12CB2BDD6E825640000000001
:10D67000D0FE01084170706C69636174696F6E5C03
:10D680005379735C7379735F71756575655F7461E8
:10D69000736B5F626F6F74696E672E6300000000CA
:10D6A0004E4F5F54414700003EB50446607806285F
:10D6B00079D2DFE800F0030C315B606501210220C4
:10D6C000F3F71CFDFE212046F5F795FA70E0FE21E8
:10D6D0002046F5F790FAA088401CA080A088032877
:10D6E00019DB0020A080FE212046F5F784FA474888
:10D6F000007800F0010020B944480078C0F3C00071
:10D7000048B143A04C21494B49A2CDE9001053A197
:10D710000220F7F729F94BE0F3F7EEFB20B9FE21E1
:10D720002046F5F768FA43E0A088401CA080A08856
:10D73000B0F5FA7F19DB0020A080FE212046F5F726
:10D740005AFA3248007800F0010020B92F480078DA
:10D75000C0F3C00048B143A06221344B34A2CDE9EC
:10D7600000103EA10220F7F7FFF821E0FE2120463D
:10D77000F5F741FA1CE0FE212046F5F73CFA17E0E8
:10D780000020F3F783FB0020F3F740FA0020FDF7B9
:10D79000FFF900210320F3F7B1FCFF212046F5F744
:10D7A0002AFA05E0FFE7FF212046F5F724FA00BF3B
:10D7B00000BF2089401C20812089B0F57A7F20DDC0
:10D7C0006078FF281DD001210720F3F7BFFD0F4827
:10D7D000007800F0010020B90C480078C0F3C000C8
:10D7E00058B1607828A1B422104BCDE900210290F5
:10D7F0000FA21AA10220F7F7B7F8FF212046F5F78C
:10D80000FAF90A20FEF7E2F93EBD000034010020DB
:10D81000625379735461736B3AB9D8B1D5CFB5CD32
:10D82000B3B5C8B4FDB3ACCAB1000000B7FE01087F
:10D830004170706C69636174696F6E5C5379735C7D
:10D840007379735F71756575655F7461736B5F6321
:10D850006C6F73696E672E63000000004E4F5F545B
:10D8600041470000625379735461736B3AB5C8B491
:10D87000FDC9E8B1B8B9D8B1D5B3ACCAB12CC7BFEE
:10D88000D6C6B9D8B1D50000625379735461736BB1
:10D890003AB9D8B1D5CFB5CDB3C8CECEF1B5C8B4AD
:10D8A000FDB3ACCAB12CB2BDD6E8256400000000BF
:10D8B00010B5044604F11700F8F70FFD20B1FF2161
:10D8C0002046F5F798F910BD607830B101280DD0E9
:10D8D000022870D003286DD17EE000210420F3F7E8
:10D8E0000DFCFE212046F5F786F991E000BF524875
:10D8F000806800F4804008B9012000E00020012881
:10D900002BD000BF4C48806800F4005008B90120BB
:10D9100000E00020012820D000BF4748806800F4C4
:10D92000805008B9012000E00020012815D000BF78
:10D930004248006800F0040008B9012000E000201F
:10D9400001280AD000BF3C48806800F4004008B9B4
:10D95000012000E00020012801D10020A080F3F781
:10D960000DFB20B103212046F5F745F9ABE734481C
:10D970004078C0F3C00020B931484078C0F340106F
:10D9800080B1A088401CA080A088642810DB002003
:10D99000A08001210320F3F7B1FBFE212046F5F71B
:10D9A0002AF905E00020A080FE212046F5F723F9A2
:10D9B0002EE000E022E0F3F7E1FA20B10321204657
:10D9C000F5F719F97FE700210320F3F797FB4FF4F0
:10D9D0007A70FEF7FBF81BE0002201210420F5F726
:10D9E000BFF91848007800F0010010B116A0FAF74E
:10D9F0005FF8FF212046F5F7FEF864E704F1170011
:10DA0000F8F76BFC18B1FF212046F5F7F4F800BFDA
:10DA100000BF2089401C20812089B0F5167F06DDDB
:10DA20006078FF2803D000210320F3F767FB642010
:10DA3000FEF7CCF800BF46E7001001400814014093
:10DA40008899002034010020625379735461736B0C
:10DA50003ABFAAC6F4B3E4B5E7BBBDD0D10D0A0006
:10DA60003EB504460025F3F729F848B1B5480078DB
:10DA7000FF2808DAB3480078401CB249087002E079
:10DA80000020B0490870607806287AD2DFE800F0FC
:10DA9000034E9BB0C7FEAC48808820F00200AA4924
:10DAA0008880F4F75FFC0546002D1EDDA74800784E
:10DAB00000F0010020B9A5480078C0F3C00060B1B3
:10DAC000A348007848B9A3A03921AB4BABA2CDE95C
:10DAD0000010B4A10220F6F747FF01209C4908700E
:10DAE000FE212046F5F787F81FE09848007800F0FF
:10DAF000010020B995480078C0F3C00088B194486F
:10DB0000007801280DD1A9A043219B4B9BA2CDE910
:10DB100001050091A3A10220F6F726FF00208C4901
:10DB200008706420FEF752F802E100BFF4F7FCFA37
:10DB30000546002D26DD8548007800F0010020B95B
:10DB400082480078C0F3C00060B18148007848B9CD
:10DB5000A0A05421884B89A2CDE9001091A10220F8
:10DB6000F6F702FF01207A4908707748808820F094
:10DB70000200801C74498880FE212046F5F73BF89E
:10DB800020E0D0E07148007800F0010020B96F4833
:10DB90000078C0F3C00088B16D48007801280DD12D
:10DBA00095A05F21744B75A2CDE9010500917DA17F
:10DBB0000220F6F7D9FE0020654908706420FEF7C0
:10DBC00005F8B5E000BF60480079C0F3800048B1B7
:10DBD0005D488088C0F3803020B1FE212046F5F7F3
:10DBE0000AF804E04FF4FA70FDF7F0FFA0E000BF80
:10DBF000F3F7C4F938B10420F3F790F9FE21204679
:10DC0000F4F7F9FF0AE0F2F759FF20B1FE212046B0
:10DC1000F4F7F1FF02E00020A08089E000BFF2F7F6
:10DC200065FFC0B9F2F74AFFA8B1F2F72FFF90B134
:10DC3000F2F774FF78B9F2F789FF60B97848007895
:10DC4000022804D00220764908700020A080A08815
:10DC5000401CA08030E0F2F749FFD0B9F2F72EFF68
:10DC6000B8B1F2F713FFA0B9F2F758FF88B1F2F795
:10DC70006DFF70B96A480078012804D00120684916
:10DC800008700020A080A088401C00E028E0A08050
:10DC900012E02C48007838B1F2F710FF20B10022D2
:10DCA00001211046F5F75CF800205D490870A0805E
:10DCB000FE212046F4F79FFFA0881E280FDD58485C
:10DCC000007802280BD1012056490870002201215A
:10DCD0001046F5F745F8FE212046F4F78CFF27E0C3
:10DCE0001948808820F00100401C174988800846A8
:10DCF000808820F02000203088800846808820F02E
:10DD00000800083088800120FCF742FF0E480078A8
:10DD1000052803D000210320F3F7F0F9FF21204666
:10DD2000F4F769FF04E0FF212046F4F764FF00BF29
:10DD300000BF2089401C208120896420FDF746FF18
:10DD40003EBD00002F0100208899002034010020F2
:10DD50002E010020625379735461736B3A426F6FE6
:10DD600074BCC7D2E4CFFBCFA2BBF1C8A1B4EDCE47
:10DD7000F3C7E5B3FD000000A1FE01084170706C1F
:10DD800069636174696F6E5C5379735C7379735FF7
:10DD900071756575655F7461736B5F696E69742E0B
:10DDA000630000004E4F5F54414700006253797397
:10DDB0005461736B3A426F6F74BCC7D2E4CFFBCF30
:10DDC000A2B3F5CABCBBAFCAA7B0DC20B4FAC2EBA1
:10DDD00025640000625379735461736B3A4170702B
:10DDE000BCC7D2E4CFFBCFA2BBF1C8A1B4EDCEF348
:10DDF000C7E5B3FD00000000625379735461736B93
:10DE00003A417070BCC7D2E4CFFBCFA2B3F5CABC15
:10DE1000BBAFCAA7B0DC20B4FAC2EB256400000097
:10DE2000300100201C0100203EB50446002560782A
:10DE300010B1012836D124E03148F4F7EFFB054654
:10DE4000002D09DC2F480078C0F3400018B12946A6
:10DE50002DA0F9F72DFE2AE02948F4F763FC45B21E
:10DE6000002D09DC27480078C0F3400018B129468E
:10DE70002EA0F9F71DFE1AE0FE212046F4F7BBFEA6
:10DE800015E000BFBFF34F8F3148006800F4E06039
:10DE900030490843001D2E490860BFF34F8F00BF73
:10DEA00000BFFEE7FF212046F4F7A5FE00BF00BF3C
:10DEB0002089401C2081208932281CDD6078FF28C1
:10DEC00019D01048007800F0010020B90D48007802
:10DED000C0F3C00058B160781FA14222284BCDE9A1
:10DEE0000021029027A231A10220F6F73DFDFF217B
:10DEF0002046F4F780FE6420FDF768FE3EBD00007A
:10DF00000AFE01083401002062417070496E666F9C
:10DF10003A415050B2CECAFDB3F5CABCBBAFCAA796
:10DF2000B0DC20B4FAC2EB25640D0A0062417070C7
:10DF3000496E666F3A415050B2CECAFDB8FCD0C2AD
:10DF4000CAA7B0DC20B4FAC2EB25640D0A000000B9
:10DF50000CED00E00000FA05625379735461736BB5
:10DF60003AC9E8D6C3D6D8D6C3C8CECEF1B5C8B460
:10DF7000FDB3ACCAB12CB2BDD6E8256400000000E8
:10DF8000E9FE01084170706C69636174696F6E5CD1
:10DF90005379735C7379735F71756575655F7461CF
:10DFA000736B5F72657365742E6300004E4F5F5430
:10DFB0004147000010B504462B480078032803D0E1
:10DFC00000210320F3F79AF8F2F7D8FF38B10420C4
:10DFD000F2F7A4FFFF212046F4F70DFE10BD607894
:10DFE00010B1012835D12FE000BF2048806800F42F
:10DFF000005008B9012000E00020012801D10020D4
:10E00000A08004F11700F8F768F918B1FF21204645
:10E01000F4F7F1FDA088401CA080A0883C2812DB0A
:10E020000020A080FE212046F4F7E5FD104800788E
:10E0300000F0010020B90E480078C0F3C00010B114
:10E040000CA0F9F735FD09E0FD212046F4F7D3FDDA
:10E0500004E0FF212046F4F7CEFD00BF00BF64209E
:10E06000FDF7B4FD00BFB9E788990020001001401A
:10E0700034010020625379735461736B3AB5C8B4AC
:10E08000FDD6F7BBFAB9D8B1D5B3ACCAB12CD4D947
:10E09000B4CEB9D8B1D5424D53B9D8B1D50D0A00D7
:10E0A00010B5044619480078062803D00021062040
:10E0B000F3F724F8F2F720FF20B11549B1F8750005
:10E0C000F3F710F804F11700F8F707F920B1FF2172
:10E0D0002046F4F790FD10BD607810B101280AD1F8
:10E0E00004E0FE212046F4F786FD09E000BF00BFF2
:10E0F000FFF7F2F804E0FF212046F4F77CFD00BFB3
:10E1000000BF0A20FDF762FD00BFE4E78899002008
:10E11000A498002070B506460C460025012306226F
:10E120002146304600F00EF805460DB1284670BD78
:10E13000142204F1140106F11400F6F715FB05464C
:10E140002846F4E72DE9F04780460D4616461F465F
:10E150004FF00009B74201D300BFFEE70DB900BF81
:10E16000FEE73A4631462846F9F798FD0446601C1A
:10E1700010B90020BDE8F087291908EB040004223B
:10E18000F6F7F2FA81464846F4E700001CB55C4811
:10E1900000685C49884201D0012000E0002050B9AD
:10E1A00000BF202080F31188BFF34F8FBFF36F8F24
:10E1B00000BF00BFFEE7524800685249491E88422E
:10E1C00001D0012000E0002050B900BF202080F3E2
:10E1D0001188BFF34F8FBFF36F8F00BF00BFFEE703
:10E1E0004949084600780190FF200A461070084609
:10E1F000007800909DF8000000F0F0009DF80020ED
:10E20000904201D1012000E0002050B900BF202041
:10E2100080F31188BFF34F8FBFF36F8F00BF00BF34
:10E22000FEE79DF8000000F02000384A107007203B
:10E23000374A106009E036480068401E344A1060D2
:10E240009DF800004006000E00909DF8000000F0D0
:10E2500080008028EFD02E480068C0F10700042815
:10E2600001D1012000E0002050B900BF202080F340
:10E270001188BFF34F8FBFF36F8F00BF00BFFEE762
:10E2800023480068C0F10700042801D1012000E004
:10E29000002050B900BF202080F31188BFF34F8FBA
:10E2A000BFF36F8F00BF00BFFEE719480068000290
:10E2B000174A10601046008800F4E0601060124AAF
:10E2C000019810700E482030006840F470000C492E
:10E2D000203108600846006840F070400860FDF793
:10E2E000DFF900200B490860EEF752FF0A4800688A
:10E2F00040F0404008490860EEF736FF00201CBDA2
:10E3000000ED00E071C20F4100E400E07C0000205D
:10E31000800000207800002034EF00E02DE9F0417B
:10E3200004460126002722460021012000F007F8BC
:10E3300005462846F8F75CFD2846BDE8F0812DE942
:10E34000F84305460E4617460024E5B1601EB0FBB3
:10E35000F5F0B04217D305FB06F010F1490F12D8C3
:10E3600005FB06F808F14800F9F76CF80446B4B16B
:10E37000A14609F148093B464A46314628460094E1
:10E38000F8F745FD0BE054B900BF202080F3118859
:10E39000BFF34F8FBFF36F8F00BF00BFFEE7204674
:10E3A000BDE8F8832DE9F04105460E4601272C46CD
:10E3B00054B900BF202080F31188BFF34F8FBFF303
:10E3C0006F8F00BF00BFFEE7002C42D0E06B00283B
:10E3D0003FD04FF0FF31E06BB1FBF0F0216C884291
:10E3E00037D3FDF7C3F8D4E90F12206801FB020010
:10E3F000A0600020A06320686060E06B401E226C7B
:10E40000216800FB0211E160FF2084F8440084F8D9
:10E4100045009EB9206908B9012000E00020A8B994
:10E4200004F1100000F020FF80B14FF0805013493C
:10E430000860BFF34F8FBFF36F8F07E004F1100048
:10E44000FDF75EF804F12400FDF75AF8FDF7B8F87F
:10E4500000E000270FB1012000E0002050B900BF0C
:10E46000202080F31188BFF34F8FBFF36F8F00BF61
:10E4700000BFFEE73846BDE8F081000004ED00E093
:10E480002DE9FF4784B006460F461D464FF00009B0
:10E49000344654B900BF202080F31188BFF34F8F5A
:10E4A000BFF36F8F00BF00BFFEE70FB9206C08B944
:10E4B000012000E0002050B900BF202080F3118827
:10E4C000BFF34F8FBFF36F8F00BF00BFFEE7022D7A
:10E4D00002D1E06B012801D1012000E0002050B9F9
:10E4E00000BF202080F31188BFF34F8FBFF36F8FE1
:10E4F00000BF00BFFEE700F0BBFC08B9069808B9F2
:10E50000012000E0002050B900BF202080F31188D6
:10E51000BFF34F8FBFF36F8F00BF00BFFEE700BF99
:10E52000FDF724F8A06BE16B884201D3022D35D1B1
:10E530002046F0F78BF8824600953A4651465A201D
:10E54000069BEFF7B3FE2A4639462046F8F795FBBF
:10E550008046606A08B9012000E0002068B904F133
:10E56000240000F081FE98B14FF080503E490860D1
:10E57000BFF34F8FBFF36F8F0AE0B8F1000F07D0E2
:10E580004FF0805038490860BFF34F8FBFF36F8F53
:10E59000FDF716F8012008B0BDE8F087069870B9BD
:10E5A000FDF70EF82046F0F751F8824600953A46FE
:10E5B00051465A20069BEFF779FE0020EBE7B9F1B0
:10E5C000000F04D102A8FDF7C7FB4FF00109FCF7CB
:10E5D000F7FFFDF727FDFCF7C9FF94F94400401C45
:10E5E00010B9002084F8440094F94500401C10B98B
:10E5F000002084F84500FCF7E3FF06A902A800F01C
:10E60000C9FAF8B92046F8F754FDA8B104F1100092
:10E610000699FDF7B9FB2046F8F7D5FE00F0B8FEE5
:10E6200000287FF47DAF4FF080500F490860BFF3A2
:10E630004F8FBFF36F8F73E72046F8F7C4FE00F0EB
:10E64000A7FE6DE72046F8F7BEFE00F0A1FE2046CB
:10E65000EFF7FCFF824600953A4651465A20069B4A
:10E66000EFF724FE002096E704ED00E02DE9FC5FC3
:10E6700007468B4690461E463C4654B900BF2020B4
:10E6800080F31188BFF34F8FBFF36F8F00BF00BFC0
:10E69000FEE7BBF1000F01D1206C08B9012000E0BA
:10E6A000002050B900BF202080F31188BFF34F8FA6
:10E6B000BFF36F8F00BF00BFFEE7022E02D1E06BF9
:10E6C000012801D1012000E0002050B900BF202026
:10E6D00080F31188BFF34F8FBFF36F8F00BF00BF70
:10E6E000FEE7FCF7F1FF00BF2021EFF3118081F37B
:10E6F0001188BFF34F8FBFF36F8F00BF0546A06B2C
:10E70000E16B884201D3022E40D194F945A0A06B61
:10E7100001902046EFF79AFF4246014600906020A4
:10E72000EFF73AFD324659462046F8F7A6FA0AF1C5
:10E73000010088B9606A08B9012000E0002050B9E2
:10E7400004F1240000F090FD28B1B8F1000F02D0D0
:10E750000120C8F8000016E0BAF17F0F01D00120B7
:10E7600000E0002050B900BF202080F31188BFF3E3
:10E770004F8FBFF36F8F00BF00BFFEE70AF10100AC
:10E7800040B284F845004FF001090AE02046EFF757
:10E790005DFF8246424651466020EFF7FDFC4FF098
:10E7A000000900BF85F3118800BF4846BDE8FC9F03
:10E7B0002DE9F74783B005460E464FF000082C467A
:10E7C00054B900BF202080F31188BFF34F8FBFF3EF
:10E7D0006F8F00BF00BFFEE70EB9206C08B90120A3
:10E7E00000E0002050B900BF202080F31188BFF363
:10E7F0004F8FBFF36F8F00BF00BFFEE700F038FB05
:10E8000008B9059808B9012000E0002050B900BF00
:10E81000202080F31188BFF34F8FBFF36F8F00BFAD
:10E8200000BFFEE700BFFCF7A1FEA76B77B3314640
:10E830002046F8F70DFA0020EFF708FF8146204642
:10E84000EFF704FF8246012000904A4651465C20C3
:10E85000059BEFF72BFD781EA063206908B9012006
:10E8600000E0002060B904F1100000F0FDFC38B1B8
:10E870004FF080503F490860BFF34F8FBFF36F8F59
:10E88000FCF79EFE012006B0BDE8F087059898B918
:10E89000FCF796FE0020EFF7D9FE81462046EFF701
:10E8A000D5FE8246012000904A4651465C20059BD9
:10E8B000EFF7FCFC0020E6E7B8F1000F04D101A857
:10E8C000FDF74AFA4FF00108FCF77AFEFDF7AAFBC4
:10E8D000FCF74CFE94F94400401C10B9002084F869
:10E8E000440094F94500401C10B9002084F845000C
:10E8F000FCF766FE05A901A800F04CF9F0B9204626
:10E90000F8F7CAFBA0B104F124000599FDF73CFA21
:10E910002046F8F758FD00F03BFD002883D14FF06A
:10E92000805014490860BFF34F8FBFF36F8F7AE7B1
:10E930002046F8F748FD00F02BFD74E72046F8F775
:10E9400042FD00F025FD2046F8F7A6FB0028EED09A
:10E950000020EFF77BFE07462046EFF777FE814663
:10E96000012000903A4649465C20059BEFF79EFC4B
:10E97000002088E704ED00E02DE9F34784B0054668
:10E980004FF000082C46002654B900BF202080F329
:10E990001188BFF34F8FBFF36F8F00BF00BFFEE73B
:10E9A000206C08B9012000E0002050B900BF2020F1
:10E9B00080F31188BFF34F8FBFF36F8F00BF00BF8D
:10E9C000FEE700F055FA08B9059808B9012000E003
:10E9D000002050B900BF202080F31188BFF34F8F73
:10E9E000BFF36F8F00BF00BFFEE700BFFCF7BEFDA7
:10E9F000A76B7FB30020EFF729FE81462046EFF793
:10EA000025FE8246012000904A4651465C20059B27
:10EA1000EFF74CFC781EA063206810B9F8F7C8FD2A
:10EA2000A060206908B9012000E0002060B904F16D
:10EA3000100000F019FC38B14FF0805054490860C4
:10EA4000BFF34F8FBFF36F8FFCF7BAFD012006B005
:10EA5000BDE8F087FFE7059818BB0EB9012000E07C
:10EA6000002050B900BF202080F31188BFF34F8FE2
:10EA7000BFF36F8F00BF00BFFEE7FCF7A1FD0020D2
:10EA8000EFF7E4FD81462046EFF7E0FD82460120E6
:10EA900000904A4651465C20059BEFF707FC00209A
:10EAA000D5E7B8F1000F04D102A8FDF755F94FF0F2
:10EAB0000108FCF785FDFDF7B5FAFCF757FD94F961
:10EAC0004400401C10B9002084F8440094F945002B
:10EAD000401C10B9002084F84500FCF771FD05A921
:10EAE00002A800F057F848BB2046F8F7D5FAF8B16D
:10EAF000206838B9FCF73AFDA06800F037FB0646FD
:10EB0000FCF75EFD04F124000599FDF73DF9204670
:10EB1000F8F759FC00F03CFC00287FF467AF4FF099
:10EB200080501B490860BFF34F8FBFF36F8F5DE7C5
:10EB30002046F8F748FC00F02BFC57E72046F8F792
:10EB400042FC00F025FC2046F8F7A6FA0028EED09B
:10EB50005EB1FCF70BFD2046F8F7D7F807463946BB
:10EB6000A068FDF761F9FCF72BFD0020EFF76EFDC3
:10EB700007462046EFF76AFD8146012000903A469D
:10EB800049465C20059BEFF791FB00205FE7000002
:10EB900004ED00E070B505460C4655B900BF2020D5
:10EBA00080F31188BFF34F8FBFF36F8F00BF00BF9B
:10EBB000FEE754B900BF202080F31188BFF34F8FC8
:10EBC000BFF36F8F00BF00BFFEE7FCF7CFFC134819
:10EBD00002686868131A2068401C08B9002619E00A
:10EBE0000F4928680968884206D06868904203D8AF
:10EBF0000126002020600DE02068984207D9206897
:10EC0000C01A20602846FDF7A7F8002602E0002081
:10EC100020600126FCF7D4FC304670BD18000020AF
:10EC20002C0000202DE9FF4F85B08046894617460D
:10EC3000DDE912ABB800F8F705FC064656B15820DE
:10EC4000F8F700FC04460CB1266304E03046FCF7FC
:10EC5000D5FC00E000247CB10020CDE900ABCDE97B
:10EC600002403A4649464046089BF8F7E9F82046F4
:10EC7000F7F720FF012501E04FF0FF35284609B0E6
:10EC8000BDE8F08F2DE9FC5F07460D461646984615
:10EC9000DDF830904FF0010B0DB9012000E00020AD
:10ECA00050B900BF202080F31188BFF34F8FBFF30E
:10ECB0006F8F00BF00BFFEE757B900BF202080F371
:10ECC0001188BFF34F8FBFF36F8F00BF00BFFEE708
:10ECD0003C46FCF74BFCB9F1000F05D004F15000A5
:10ECE00050F82500C9F8000004F1540010F805A000
:10ECF00002214155B8F1050F29D2DFE808F02703BA
:10ED00000D171C0004F1500050F82500304304F1A9
:10ED1000500141F825002DE004F1500050F8250085
:10ED2000401C04F1500141F8250023E004F150009B
:10ED300040F825601EE0BAF1020F04D004F1500043
:10ED400040F8256001E04FF0000B13E012E043486B
:10ED5000006808B9012000E0002050B900BF202061
:10ED600080F31188BFF34F8FBFF36F8F00BF00BFD9
:10ED7000FEE700BF00BF2046EFF768FC434632467F
:10ED80000146CDE900903E20EFF790FABAF1010F6D
:10ED90005ED16069D4E902128A60D4E902214A6036
:10EDA000211D42688A4201D1E1684160002262610E
:10EDB0000168491E01602046EFF724F994F82C10F1
:10EDC0000120884026490968084325490860E16A0E
:10EDD00001EB8101234A02EB81014868A06082684F
:10EDE000E260211D826851608160E16A01EB81016E
:10EDF0001C4A02EB81026261E16A01EB8101194A5E
:10EE000052F82110491CE26A02EB8202154B43F8CA
:10EE10002210A06A08B9012000E0002050B900BF0C
:10EE2000202080F31188BFF34F8FBFF36F8F00BF97
:10EE300000BFFEE70C49E06A0968C96A884207D941
:10EE40004FF0805009490860BFF34F8FBFF36F8FB9
:10EE5000FCF7B6FB5846BDE8FC9F000018000020F8
:10EE60001C000020F00600200400002004ED00E05B
:10EE70000549096809B9012005E00449096809B98B
:10EE8000022000E000207047200000204000002009
:10EE900001490868704700001800002070B5FCF7B1
:10EEA00013FC002501480468204670BD18000020AE
:10EEB0002DE9F0414FF000086248006800287DD13C
:10EEC00061480068451C6048056015BB5F480068E4
:10EED000006808B9012000E0002050B900BF2020E0
:10EEE00080F31188BFF34F8FBFF36F8F00BF00BF58
:10EEF000FEE7564807685648006854490860544879
:10EF0000076054480068401C52490860F8F7DEF971
:10EF100000BF5148006885427AD300BF4B48006863
:10EF2000006808B9012000E0002020B14FF0FF3058
:10EF3000494908606BE045480068C068C468666875
:10EF4000B54202D24448066061E06069D4E9021229
:10EF50008A60D4E902214A60211D42688A4201D1B7
:10EF6000E1684160002262610168491E0160A06A97
:10EF700098B1A06AD4E907128A60D4E907214A60EF
:10EF800004F1180142688A4201D1216A41600022DD
:10EF9000A2620168491E016000BF2046EFF732F807
:10EFA00094F82C10012088402C49096808432B490B
:10EFB0000860E16A01EB8101294A00E03AE002EBD6
:10EFC00081014868A0608268E260211D826851600A
:10EFD0008160E16A01EB8101214A02EB81026261F9
:10EFE000E16A01EB81011E4A52F82110491CE26AD4
:10EFF00002EB82021A4B43F822101A49E06A0968B0
:10F00000C96A88428AD34FF0010887E700E000BF51
:10F0100014480068C06A00EB8000114951F82000D4
:10F02000012801D94FF001080F48006808B14FF0DE
:10F03000010804E00D480068401C0C490860404687
:10F04000BDE8F081400000201800002008000020EA
:10F050000C0000202C000020340000201C000020A8
:10F06000F0060020040000202800002024000020DA
:10F0700070B505462C460026002D6FD03848006834
:10F08000844201D1012000E0002050B900BF2020BF
:10F0900080F31188BFF34F8FBFF36F8F00BF00BFA6
:10F0A000FEE7E06C50B900BF202080F31188BFF369
:10F0B0004F8FBFF36F8F00BF00BFFEE7E06C401EB5
:10F0C000E064A16CE06A884248D0E06C002845D139
:10F0D000201DFAF738FE40B994F82C100120884022
:10F0E0002049096881431F48016029464A20EFF7FB
:10F0F00025F8A06CE062E06AC0F10800A06120463B
:10F10000EEF780FF94F82C1001208840154909681B
:10F11000084314490860E16A01EB8101124A02EBDD
:10F1200081014868A0608268E260211D82685160A8
:10F130008160E16A01EB81010B4A02EB81026261AD
:10F14000E16A01EB8101084A52F82110491CE26A88
:10F1500002EB8202044B43F822100126304670BDB8
:10F16000040000201C000020F006002070B50546B9
:10F170002C460026002D6ED03849E06A0968C96A1D
:10F18000884261D2A06900F0004028B93348006885
:10F19000C06AC0F10800A061E16A01EB8101304A58
:10F1A00002EB81016069884201D1012000E000206A
:10F1B00000283FD0201DFAF7C6FD40B994F82C1066
:10F1C0000120884027490968814326480160234877
:10F1D0000068C06AE0622046EEF714FF94F82C1035
:10F1E000012088401F49096808431E490860E16AF8
:10F1F00001EB81011A4A02EB81014868A060826834
:10F20000E260211D826851608160E16A01EB810149
:10F21000134A02EB81026261E16A01EB8101104A4B
:10F2200052F82110491CE26A02EB82020C4B43F8AF
:10F23000221003E009480068C06AE06229464920BC
:10F24000EEF77CFF012606E00449A06C0968C96A54
:10F25000884200D20126304670BD00000400002024
:10F26000F00600201C00002070B50646F068C46857
:10F2700054B900BF202080F31188BFF34F8FBFF334
:10F280006F8F00BF00BFFEE7A06AD4E907128A6053
:10F29000D4E907214A6004F1180142688A4201D189
:10F2A000216A41600022A2620168491E0160324861
:10F2B0000068002840D16069D4E902128A60D4E96C
:10F2C00002214A60211D42688A4201D1E168416001
:10F2D000002262610168491E01602046EEF792FE3D
:10F2E00094F82C10012088402449096808432349D8
:10F2F0000860E16A01EB8101214A02EB8101486863
:10F30000A0608268E260211D826851608160E16ACC
:10F3100001EB81011A4A02EB81026261E16A01EBB1
:10F320008101174A52F82110491CE26A02EB82025D
:10F33000134B43F8221010E012494868E0618268DC
:10F34000226204F118018268516081600D4AA26254
:10F3500011460968491C116000BF0B49E06A096841
:10F36000C96A884204D9012501200849086000E0E3
:10F370000025284670BD0000400000201C00002031
:10F38000F0060020B807002004000020280000201C
:10F3900070B5002400265448006850B900BF2020F2
:10F3A00080F31188BFF34F8FBFF36F8F00BF00BF93
:10F3B000FEE7FCF7DBF84C480068401E4A4908604D
:10F3C0000846006800287DD148480068002879D0A8
:10F3D0005EE04748C068C468A06AD4E907128A6042
:10F3E000D4E907214A6004F1180142688A4201D138
:10F3F000216A41600022A2620168491E01606069C1
:10F40000D4E902128A60D4E902214A60211D4268CF
:10F410008A4201D1E1684160002262610168491EAF
:10F4200001602046EEF7EEFD94F82C100120884094
:10F430003049096808432F490860E16A01EB8101FE
:10F440002D4A02EB81014868A0608268E260211DBC
:10F45000826851608160E16A01EB8101264A02EB1A
:10F4600081026261E16A01EB8101234A52F82110B5
:10F47000491CE26A02EB82021F4B43F822101F492B
:10F48000E06A0968C96A884202D301201C49086001
:10F490001748006808B9012000E00020002898D033
:10F4A0000CB1F7F713FF1748056875B100BFFFF7F8
:10F4B000FFFC10B10120124908606D1E002DF6D12D
:10F4C000002000E00CE00F4908600D48006838B1EA
:10F4D000012630070C490860BFF34F8FBFF36F8FD1
:10F4E000FCF76EF8304670BD40000020140000208C
:10F4F000B80700201C000020F006002004000020B7
:10F50000280000202400002004ED00E02DE9FC4745
:10F5100005460E4617469846DDF828902820F7F74E
:10F5200091FF044654B1002084F8240043463A4633
:10F5300031462846CDE90094F7F7EEFC2046BDE8B9
:10F54000FC8700001CB50024F7F738FB0E48006864
:10F5500058B10E48072100234FF42072CDE9001066
:10F560000BA10D48FFF75EFB044654B900BF2020F5
:10F5700080F31188BFF34F8FBFF36F8F00BF00BFC1
:10F58000FEE720461CBD00004C000020500000207B
:10F59000546D722053766300AD7301082DE9FE436C
:10F5A00004460D4616461F46DDF828804FF0000938
:10F5B00054B900BF202080F31188BFF34F8FBFF3F1
:10F5C0006F8F00BF00BFFEE71448006810B30095BE
:10F5D00001960294062D15DAFFF74AFC022808D19D
:10F5E0000023424669460D480068FEF749FF814600
:10F5F00010E000231A46694608480068FEF740FFFD
:10F60000814607E000233A46694604480068FFF750
:10F610002DF881464846BDE8FE8300004C000020DE
:10F6200000000000963007772C610EEEBA51099960
:10F6300019C46D078FF46A7035A563E9A395649EBC
:10F640003288DB0EA4B8DC791EE9D5E088D9D297E0
:10F650002B4CB609BD7CB17E072DB8E7911DBF903C
:10F660006410B71DF220B06A4871B9F3DE41BE8460
:10F670007DD4DA1AEBE4DD6D51B5D4F4C785D383BC
:10F6800056986C13C0A86B647AF962FDECC9658A60
:10F690004F5C0114D96C0663633D0FFAF50D088DBC
:10F6A000C8206E3B5E10694CE44160D5727167A260
:10F6B000D1E4033C47D4044BFD850DD26BB50AA5BC
:10F6C000FAA8B5356C98B242D6C9BBDB40F9BCACE0
:10F6D000E36CD832755CDF45CF0DD6DC593DD1AB3C
:10F6E000AC30D9263A00DE518051D7C81661D0BF60
:10F6F000B5F4B42123C4B3569995BACF0FA5BDB8BC
:10F700009EB802280888055FB2D90CC624E90BB15F
:10F71000877C6F2F114C6858AB1D61C13D2D66B6BB
:10F720009041DC760671DB01BC20D2982A10D5EF1F
:10F730008985B1711FB5B606A5E4BF9F33D4B8E87B
:10F74000A2C9077834F9000F8EA8099618980EE11F
:10F75000BB0D6A7F2D3D6D08976C6491015C63E67B
:10F76000F4516B6B62616C1CD83065854E0062F29F
:10F77000ED95066C7BA5011BC1F4088257C40FF5FB
:10F78000C6D9B06550E9B712EAB8BE8B7C88B9FC1F
:10F79000DF1DDD62492DDA15F37CD38C654CD4FB7B
:10F7A0005861B24DCE51B53A7400BCA3E230BBD41F
:10F7B00041A5DF4AD795D83D6DC4D1A4FBF4D6D37B
:10F7C0006AE96943FCD96E34468867ADD0B860DA1F
:10F7D000732D0444E51D03335F4C0AAAC97C0DDD7B
:10F7E0003C710550AA41022710100BBE86200CC99F
:10F7F00025B56857B3856F2009D466B99FE461CEFB
:10F800000EF9DE5E98C9D9292298D0B0B4A8D7C71E
:10F81000173DB359810DB42E3B5CBDB7AD6CBAC07A
:10F820002083B8EDB6B3BF9A0CE2B6039AD2B17496
:10F830003947D5EAAF77D29D1526DB048316DC73F2
:10F84000120B63E3843B64943E6A6D0DA85A6A7A96
:10F850000BCF0EE49DFF099327AE000AB19E077DF2
:10F8600044930FF0D2A3088768F2011EFEC2066916
:10F870005D5762F7CB67658071366C19E7066B6E72
:10F88000761BD4FEE02BD3895A7ADA10CC4ADD6796
:10F890006FDFB9F9F9EFBE8E43BEB717D58EB060F2
:10F8A000E8A3D6D67E93D1A1C4C2D83852F2DF4F96
:10F8B000F167BBD16757BCA6DD06B53F4B36B248F2
:10F8C000DA2B0DD84C1B0AAFF64A0336607A044196
:10F8D000C3EF60DF55DF67A8EF8E6E3179BE6946F2
:10F8E0008CB361CB1A8366BCA0D26F2536E2685216
:10F8F00095770CCC03470BBBB91602222F26055572
:10F90000BE3BBAC5280BBDB2925AB42B046AB35C95
:10F91000A7FFD7C231CFD0B58B9ED92C1DAEDE5BF1
:10F92000B0C2649B26F263EC9CA36A750A936D02D5
:10F93000A906099C3F360EEB856707721357000531
:10F94000824ABF95147AB8E2AE2BB17B381BB60C55
:10F950009B8ED2920DBED5E5B7EFDC7C21DFDB0BB1
:10F96000D4D2D38642E2D4F1F8B3DD686E83DA1FD5
:10F97000CD16BE815B26B9F6E177B06F7747B71831
:10F98000E65A0888706A0FFFCA3B06665C0B0111D5
:10F99000FF9E658F69AE62F8D3FF6B6145CF6C1631
:10F9A00078E20AA0EED20DD75483044EC2B30339D5
:10F9B000612667A7F71660D04D476949DB776E3E31
:10F9C0004A6AD1AEDC5AD6D9660BDF40F03BD83755
:10F9D00053AEBCA9C59EBBDE7FCFB247E9FFB530B1
:10F9E0001CF2BDBD8AC2BACA3093B353A6A3B424D5
:10F9F0000536D0BA9306D7CD2957DE54BF67D92331
:10FA00002E7A66B3B84A61C4021B685D942B6F2AD4
:10FA100037BE0BB4A18E0CC31BDF055A8DEF022D30
:10FA2000ED8A01083D8B0108A1870108F98A0108C8
:10FA30005D8B0108C5870108158B01087D8B0108C6
:10FA400009880108218B0108B98B01085F8801082A
:10FA5000ED8A01083D8B010865870108ED8A0108E0
:10FA60003D8B0108AF8801081815AE15D516801515
:10FA7000A8163F15D316001540158D16141520161F
:10FA80000015A115C815DA1612158116CF15D9164D
:10FA9000F115DB1640152E15A415A619FF1815AE85
:10FAA00015D5168015A8163F15D316001540158DCF
:10FAB00016141520160015A115C815DA1612158191
:10FAC00016EF15D916A115DB1600152E15A415A6CF
:10FAD00019FF1815AE15D5168015A8163F15D316A3
:10FAE000001540158D16141520160015A115C81502
:10FAF000DA1602158116CF15D916F115DB16401549
:10FB00002E15A415A619FF1815AE15A415D5165057
:10FB100015A8163F15D31600154015AD168B15D92F
:10FB2000162215DB16351532158116FF15A615DAC6
:10FB3000161219FF1815AE15D5168015A8163F1503
:10FB4000D316001540158D16141520160015A11595
:10FB5000C015DA1612158116CF15D916F115DB1658
:10FB600040152E15A415A619FF1815AF19FF181565
:10FB7000AE19FF1815A115C819FF1815A015C01941
:10FB8000FF1815A115C019FF1815A015C819FF00F9
:10FB90000001140A6464323200127A0000042896CC
:10FBA00010080000800040000001140A6464323232
:10FBB00000093D0000042896100802028000400061
:10FBC000656C6F675F737461727400656C6F675FFB
:10FBD00073746F7000656C6F675F7365745F6F75CA
:10FBE000747075745F656E61626C656400656C6FDE
:10FBF000675F7365745F746578745F636F6C6F7251
:10FC00005F656E61626C656400656C6F675F7365EC
:10FC1000745F666D7400656C6F675F7365745F66B3
:10FC2000696C74657200656C6F675F7365745F669D
:10FC3000696C7465725F6C766C00656C6F675F737E
:10FC400065745F66696C7465725F7461675F6C761A
:10FC50006C00656C6F675F6765745F66696C74657F
:10FC6000725F7461675F6C766C00656C6F675F6F65
:10FC70007574707574006765745F666D745F656E2A
:10FC800061626C656400656C6F675F66696E645F76
:10FC90006C766C00656C6F675F66696E645F74613B
:10FCA000670000003C020208E4000208B0020208FB
:10FCB0009402020850000208780002083C0602087C
:10FCC0005806020814010208C8020208F8010208D6
:10FCD000D8010208A000020864030208AC0302086D
:10FCE000DC020208940402085C040208BC05020855
:10FCF00068050208140502083C05020818060208F7
:10FD0000F40502088C050208E40302081402020844
:10FD10003C0302080C0402086C0202087406020884
:10FD2000F0040208880302081803020838040208D5
:10FD3000CC040208B80102089C0102086765745FE0
:10FD40006375725F7468726561645F737461636B1D
:10FD50005F696E666F00636D5F6261636B74726191
:10FD600063655F61737365727400636D5F62616385
:10FD70006B74726163655F6661756C74000000008E
:10FD800034000208380002083C0002084000020863
:10FD90004C0002084800020844000208E000020883
:10FDA00030313233343536373839414243444546B1
:10FDB000000000000000545452205245474745536C
:10FDC0000000000000000000000000303132333439
:10FDD000353637383941424344454600CDF50008B1
:10FDE00061F6000874426F6F744D656D5061726109
:10FDF0006D0074426F6F74566572496E666F007461
:10FE0000426F6F74506172616D00744170704D6526
:10FE10006D506172616D0074417070566572496E0B
:10FE2000666F0074417070506172616D0074417052
:10FE300070566572416E64506172616D0074444920
:10FE4000535000745359530017FE010800D800089E
:10FE50006000000023FE0108049900200E0000004D
:10FE6000635379735F53776974636800625379737E
:10FE70005F536574457272436F64650062537973B2
:10FE80005F5175657565496E697400625F74617371
:10FE90006B5F6D616E6167655F66756E635F636200
:10FEA00000765F7379735F71756575655F746173F3
:10FEB0006B5F696E697400765F7379735F717565E6
:10FEC00075655F7461736B5F636C6F73696E6700F8
:10FED000765F7379735F71756575655F7461736B58
:10FEE0005F626F6F74696E6700765F7379735F71BD
:10FEF000756575655F7461736B5F726573657400BA
:10FF000001000100010101000200010100010100E6
:10FF100062446973705F5175657565496E697400F7
:10FF2000625F7461736B5F6D616E6167655F66755B
:10FF30006E635F636200000004FA97999999D93F54
:10FF4000AF788E1DC571CC3F9FC678D0099AC33F4C
:10FF5000935555555555E53F599322942449D23F21
:10FF6000DE03CB966446C73F44523EDF12F1C23FE8
:10FF700000000000000000005761726E696E673A71
:10FF800020536563746F72206865616465722063D5
:10FF90006865636B206661696C65642E20466F72CC
:10FFA0006D6174207468697320736563746F722067
:10FFB00028307825303878292E0A0000466F756E73
:10FFC0006420616E20454E562028252E2A73292054
:10FFD000776869636820686173206368616E67652C
:10FFE000642076616C7565206661696C65642E209D
:10FFF0004E6F772077696C6C207265636F766572DF
:020000040802F0
:10000000792069742E0A0000412F0000442F00005F
:10001000452F0000492F0000562F0000572F0000E9
:1000200033313B0033323B0033333B0033343B004E
:1000300033353B0052302000523120005232200034
:1000400052332000504320004C52200052313200E5
:100050003D3D3D3D3D3D3D3D3D3D3D20CFDFB3CCB4
:10006000B6D1D5BBD0C5CFA2203D3D3D3D3D3D3DA8
:100070003D3D3D3D000000003D3D3D3D3D3D3D3DA4
:100080003D3D3D3D20D6F7B6D1D5BBD0C5CFA22052
:100090003D3D3D3D3D3D3D3D3D3D3D3D0000000084
:1000A0003D3D3D3D3D3D3D3D3D3D3D3D3D3D3D3D80
:1000B0003D3D3D3D3D3D3D3D3D20BCC4B4E6C6F724
:1000C000D0C5CFA2203D3D3D3D3D3D3D3D3D3D3D6B
:1000D0003D3D3D3D3D3D3D3D3D3D3D3D3D3D0000CA
:1000E00050535200B9CCBCFEC3FBB3C6A3BA2573B0
:1000F000A3ACD3B2BCFEB0E6B1BEBAC5A3BA2573F9
:10010000A3ACC8EDBCFEB0E6B1BEBAC5A3BA2573B8
:1001100000000000B2E9BFB4B8FCB6E0BAAFCAFD57
:10012000B5F7D3C3D5BBD0C5CFA2A3ACC7EBD4CB57
:10013000D0D0A3BA61646472326C696E65202D659B
:100140002025732573202D616670694320252E2A92
:1001500073000000737461636B5F706F696E746528
:10016000723A203078253038782C20737461636BB4
:100170005F73746172745F616464723A20307825D1
:100180003038782C20737461636B5F656E645F61D7
:100190006464723A2030782530387800B7A2C9FA02
:1001A000D7DCCFDFB4EDCEF3B5C4B5D8D6B7A3BA9C
:1001B0002530387800000000B7A2C9FAB4E6B4A22E
:1001C000C6F7B9DCC0EDB4EDCEF3B5C4B5D8D6B73B
:1001D000A3BA253038780000D4DAD6D0B6CFBBF237
:1001E000C2E3BBFABBB7BEB3CFC2B7A2C9FAB4ED84
:1001F000CEF3D2ECB3A30000D4DACFDFB3CC282502
:100200007329D6D0B7A2C9FAB4EDCEF3D2ECB3A31A
:1002100000000000B7A2C9FAD3C3B7A8B4EDCEF36B
:10022000A3ACD4ADD2F2A3BACAD4CDBCC7D0BBBBA9
:10023000B5BD2041524D20D7B4CCAC00B4EDCEF3C7
:10024000A3BACEDEB7A8BBF1C8A1D6F7D5BBD0C53F
:10025000CFA2A3ACC7EBBCECB2E9D6F7D5BBB5C413
:10026000CFE0B9D8C5E4D6C300000000B7A2C9FAF0
:10027000D3C3B7A8B4EDCEF3A3ACD4ADD2F2A3BA36
:10028000C6F3CDBCD6B4D0D0B7C7B6D4C6EBB7C3CF
:10029000CECA0000D4DAD6D0B6CFBBF2C2E3BBFAE6
:1002A000BBB7BEB3CFC2B7A2C9FAB6CFD1D4000094
:1002B000D4DACFDFB3CC28257329D6D0B7A2C9FAB8
:1002C000B6CFD1D400000000BBF1C8A1BAAFCAFDBF
:1002D000B5F7D3C3D5BBCAA7B0DC0000B7A2C9FA33
:1002E000B4E6B4A2C6F7B9DCC0EDB4EDCEF3A3AC6E
:1002F000D4ADD2F2A3BAC6F3CDBCB4D3B2BBD4CA88
:10030000D0EDB7C3CECAB5C4C7F8D3F2B6C1A1A267
:10031000D0B4CAFDBEDD0000B7A2C9FAB5F7CAD491
:10032000B4EDCEF3A3ACD4ADD2F2A3BACAFDBEDD18
:10033000BCE0B2E2B5E3C6A5C5E40000B7A2C9FAC5
:10034000D3C3B7A8B4EDCEF3A3ACD4ADD2F2A3BA65
:10035000CEDED0A7B5C4D2ECB3A3B7B5BBD8C2EB41
:1003600000000000B7A2C9FAD3B2B4EDCEF3A3AC3B
:10037000D4ADD2F2A3BAC8A1D6D0B6CFCFF2C1BF06
:10038000CAB1B3F6B4ED0000B7A2C9FAB5F7CAD442
:10039000B4EDCEF3A3ACD4ADD2F2A3BAD6B4D0D0E0
:1003A00020424B505420D6B8C1EE0000B7A2C9FA83
:1003B000B4E6B4A2C6F7B9DCC0EDB4EDCEF3A3AC9D
:1003C000D4ADD2F2A3BAC6F3CDBCB4D3B2BBD4CAB7
:1003D000D0EDB7C3CECAB5C4C7F8D3F2C8A1D6B85A
:1003E000C1EE0000B7A2C9FAD3C3B7A8B4EDCEF3EB
:1003F000A3ACD4ADD2F2A3BAC6F3CDBCD6B4D0D0A0
:10040000CEB4B6A8D2E5D6B8C1EE0000B7A2C9FAFC
:10041000D3C3B7A8B4EDCEF3A3ACD4ADD2F2A3BA94
:10042000C6F3CDBCD6B4D0D0D0ADB4A6C0EDC6F71F
:10043000D6B8C1EE00000000B7A2C9FAB5F7CAD419
:10044000B4EDCEF3A3ACD4ADD2F2A3BAB7A2C9FA3D
:10045000CFF2C1BFB2B6BBF100000000B7A2C9FA2B
:10046000B4E6B4A2C6F7B9DCC0EDB4EDCEF3A3ACEC
:10047000D4ADD2F2A3BAC8EBD5BBCAB1C6F3CDBCDA
:10048000B7C3CECAB2BBB1BBD4CAD0EDB5C4C7F8EE
:10049000D3F20000B7A2C9FAB4E6B4A2C6F7B9DC39
:1004A000C0EDB4EDCEF3A3ACD4ADD2F2A3BAB3F6A3
:1004B000D5BBCAB1C6F3CDBCB7C3CECAB2BBB1BB04
:1004C000D4CAD0EDB5C4C7F8D3F20000B7A2C9FAB8
:1004D000B5F7CAD4B4EDCEF3A3ACD4ADD2F2A3BA7F
:1004E000CDE2B2BFB5F7CAD4C7EBC7F30000000036
:1004F000B7A2C9FAB5F7CAD4B4EDCEF3A3ACD4AD64
:10050000D2F2A3BA4E56494320CDA3BBFAC7EBC7DC
:10051000F3000000B7A2C9FAD7DCCFDFB4EDCEF309
:10052000A3ACD4ADD2F2A3BABEABC8B7B5C4CAFDB2
:10053000BEDDD7DCCFDFB4EDCEF30000B7A2C9FA41
:10054000D7DCCFDFB4EDCEF3A3ACD4ADD2F2A3BAF7
:10055000B2BBBEABC8B7B5C4CAFDBEDDD7DCCFDF0A
:10056000B4EDCEF300000000B7A2C9FAD7DCCFDFAC
:10057000B4EDCEF3A3ACD4ADD2F2A3BAD6B8C1EEEB
:10058000D7DCCFDFB4EDCEF300000000B7A2C9FA8C
:10059000D7DCCFDFB4EDCEF3A3ACD4ADD2F2A3BAA7
:1005A000B6E8D0D4B1A3B4E6B8A1B5E3D7B4CCAC27
:1005B000CAB1B7A2C9FAB4EDCEF30000B7A2C9FA26
:1005C000B4E6B4A2C6F7B9DCC0EDB4EDCEF3A3AC8B
:1005D000D4ADD2F2A3BAB6E8D0D4B1A3B4E6B8A1F0
:1005E000B5E3D7B4CCACCAB1B7A2C9FAB4EDCEF377
:1005F00000000000B7A2C9FAD7DCCFDFB4EDCEF31C
:10060000A3ACD4ADD2F2A3BAC8EBD5BBCAB1B7A2E2
:10061000C9FAB4EDCEF30000B7A2C9FAD7DCCFDF38
:10062000B4EDCEF3A3ACD4ADD2F2A3BAB3F6D5BB3E
:10063000CAB1B7A2C9FAB4EDCEF30000B4EDCEF35F
:10064000A3BACFDFB3CCD5BB282530387829B7A2E1
:10065000C9FAD2E7B3F60000B4EDCEF3A3BAD6F7E9
:10066000D5BB282530387829B7A2C9FAD2E7B3F626
:1006700000000000B7A2C9FAD3C3B7A8B4EDCEF307
:10068000A3ACD4ADD2F2A3BAC6F3CDBCD6B4D0D00D
:10069000B3FD203020B2D9D7F7000000535953548E
:1006A000454D564945573A20436F756C64206E6F2F
:1006B00074207265636F7264207461736B20696E5D
:1006C000666F726D6174696F6E2E204D6178696D11
:1006D000756D206E756D626572206F662074617332
:1006E0006B7320726561636865642E000C070208F5
:1006F00000000020F0060000B0DA0008B008020890
:10070000F0060020F0A10000B0F500081104380E3A
:100710002707093739311AAA01012012081C0208DB
:1007200010041A1C041A14041A0C041A18041A309F
:10073000041A20041A28045A24041A2C0401620200
:10074000390113C09DF320061AD814EA0CF40A10DC
:100750009E280A1120140A1138141A5014E9500A5C
:100760001180140A11B0140A11E0140B10109F64C8
:100770000A1128140A1140140158021D012C2004EA
:1007800008893780FF0F7CDF072CA0FF083112405B
:10079000351004510412902B881F1045DB160451AC
:1007A0003D9804BF10102D76649F03105B248810C1
:1007B0002B4401307B9422103A41405BFE98102B71
:1007C0007CC1604D9023881750613C902A8C201189
:1007D000290639102A8A0A199034FCFF0F5C50222E
:1007E0008B1A614A506091DA30102C10328EB001B1
:1007F0004A2AF0E6092810BCFCFFFF80091E10A160
:1008000062C06306305B03E00862604B07702654E9
:1008100001C001530E3819165207531C1C221852DE
:100820000CE3380EEA70104930914A3850914A1C56
:1008300070915A0E90815A07B0810255031BC0FF78
:100840000149F161AD638C31C6201A1811014F9432
:1008500030810413E2018CFC279F1022138540F89D
:10086000E01F1480120C8C40205F20880812B80111
:10087000E0E1F43F408E480250A38420A8080249DA
:100880000248969E3910AD4490E620107D40488283
:10089000106000081EF7480240689D385BC0FF7179
:1008A0006809C0FFF3FFFC3FFFCF100145000000C7
:040000050800D131ED
:00000001FF
